Workbook

Sheet Бюджет
B2: Годовая нагрузка преподавателей | U2: Годовая нагрузка преподавателей
B3: на 2025-2026 учебный год (бюджет) | U3: на 2025-2026 учебный год (бюджет)
B5: Ф.И.О. | D5: Группа | E5: Кол-во ст. | F5: Подг | G5: Нагрузка | I5: Кол-во часов I полугодие | M5: Нагрузка | O5: Кол-во часов II полугодие | S5: Всего за учебный год | U5: № | V5: Ф.И.О. | W5: Предмет | X5: Количество часов
G6: Лек. | H6: Практ., семин., лаб. | I6: Лек. | J6: Практ., семин., лаб. | K6: Итого | L6: Тест | M6: Лек. | N6: Практ., семин., лаб. | O6: Лек. | P6: Практ., семин., лаб. | Q6: Итого | R6: Тест | X6: Итого I полугодие | Y6: Итого II полугодие | Z6: Всего за учебный год
B7: № | G7: I полугодие | M7: II полугодие | AB7: Кол-во
B8: 1 | D8: Хирургия | G8: =SUM(G9,G16,G18,G22,G25,G27) -> 477 | M8: =SUM(M9,M16,M18,M22,M25,M27) -> 510 | S8: =SUM(S9,S16,S18,S22,S25,S27) -> 987 | U8: 1 | V8: Абдиева Ж. | W8: ОСД | X8: =SUMIF($B$8:$B$591,$V8,G$8:G$591) -> 160 | Y8: =SUMIF($B$8:$B$591,$V8,M$8:M$591) -> 118 | Z8: =SUM(X8:Y8) -> 278 | AB8: =COUNTIF(V$8:V$85,V8) -> 1
B9: Жакыпбеков К.Ш. | G9: =SUM(K10:L15) -> 126 | M9: =SUM(Q10:R15) -> 66 | S9: =SUM(G9:Q9) -> 192 | U9: 2 | V9: Абдрахманова Ж. | W9: Инфек контроль | X9: =SUMIF($B$8:$B$591,$V9,G$8:G$591) -> 93 | Y9: =SUMIF($B$8:$B$591,$V9,M$8:M$591) -> 0 | Z9: =SUM(X9:Y9) -> 93 | AB9: =COUNTIF(V$8:V$85,V9) -> 1
C10: 1 | D10: СД-21 | E10: 20 | F10: =IF(E10<15,1,IF(((E10>=15)*(E10<23)),2,3)) -> 2 | I10: =G10 -> 0 | J10: =IF(H10=0,0,H10*$F10) -> 0 | K10: =SUM(I10:J10) -> 0 | M10: 18 | O10: =M10 -> 18 | P10: =IF(N10=0,0,N10*$F10) -> 0 | Q10: =SUM(O10:P10) -> 18 | S10: =SUM(K10:L10,Q10:R10) -> 18 | U10: 3 | V10: Абдуллаева М.Н. | W10: Инф контроль | X10: =SUMIF($B$8:$B$591,$V10,G$8:G$591) -> 18 | Y10: =SUMIF($B$8:$B$591,$V10,M$8:M$591) -> 52 | Z10: =SUM(X10:Y10) -> 70 | AB10: =COUNTIF(V$8:V$85,V10) -> 1
C11: 2 | D11: АД-21 | E11: 13 | F11: =IF(E11<15,1,IF(((E11>=15)*(E11<23)),2,3)) -> 1 | G11: 18 | H11: 42 | I11: =G11 -> 18 | J11: =IF(H11=0,0,H11*$F11) -> 42 | K11: =SUM(I11:J11) -> 60 | L11: 12 | M11: 12 | O11: =M11 -> 12 | P11: =IF(N11=0,0,N11*$F11) -> 0 | Q11: =SUM(O11:P11) -> 12 | S11: =SUM(K11:L11,Q11:R11) -> 84 | U11: 4 | V11: Абдуллаева М.Н. ШТ | W11: ОСД | X11: =SUMIF($B$8:$B$591,$V11,G$8:G$591) -> 12 | Y11: =SUMIF($B$8:$B$591,$V11,M$8:M$591) -> 8 | Z11: =SUM(X11:Y11) -> 20 | AB11: =COUNTIF(V$8:V$85,V11) -> 1
C12: 3 | D12: СД-31 | E12: 25 | F12: =IF(E12<15,1,IF(((E12>=15)*(E12<23)),2,3)) -> 3 | G12: 12 | I12: =G12 -> 12 | J12: =IF(H12=0,0,H12*$F12) -> 0 | K12: =SUM(I12:J12) -> 12 | M12: 12 | O12: =M12 -> 12 | P12: =IF(N12=0,0,N12*$F12) -> 0 | Q12: =SUM(O12:P12) -> 12 | S12: =SUM(K12:L12,Q12:R12) -> 24 | U12: 5 | V12: Абдыкеримова А.Н. | W12: Химия | X12: =SUMIF($B$8:$B$591,$V12,G$8:G$591) -> 354 | Y12: =SUMIF($B$8:$B$591,$V12,M$8:M$591) -> 296 | Z12: =SUM(X12:Y12) -> 650 | AB12: =COUNTIF(V$8:V$85,V12) -> 1
C13: 4 | D13: ЛД-31 | E13: 25 | F13: =IF(E13<15,1,IF(((E13>=15)*(E13<23)),2,3)) -> 3 | G13: 24 | I13: =G13 -> 24 | J13: =IF(H13=0,0,H13*$F13) -> 0 | K13: =SUM(I13:J13) -> 24 | M13: 12 | O13: =M13 -> 12 | P13: =IF(N13=0,0,N13*$F13) -> 0 | Q13: =SUM(O13:P13) -> 12 | S13: =SUM(K13:L13,Q13:R13) -> 36 | U13: 6 | V13: Абдыкеримова К. | W13: Основы реабилитации (физиотерапия) | X13: =SUMIF($B$8:$B$591,$V13,G$8:G$591) -> 243 | Y13: =SUMIF($B$8:$B$591,$V13,M$8:M$591) -> 0 | Z13: =SUM(X13:Y13) -> 243 | AB13: =COUNTIF(V$8:V$85,V13) -> 1
C14: 5 | D14: ЛД-41 | E14: 25 | F14: =IF(E14<15,1,IF(((E14>=15)*(E14<23)),2,3)) -> 3 | G14: 18 | I14: =G14 -> 18 | J14: =IF(H14=0,0,H14*$F14) -> 0 | K14: =SUM(I14:J14) -> 18 | O14: =M14 -> 0 | P14: =IF(N14=0,0,N14*$F14) -> 0 | Q14: =SUM(O14:P14) -> 0 | S14: =SUM(K14:L14,Q14:R14) -> 18 | U14: 7 | V14: Азизова Н. | W14: СМ | X14: =SUMIF($B$8:$B$591,$V14,G$8:G$591) -> 261 | Y14: =SUMIF($B$8:$B$591,$V14,M$8:M$591) -> 138 | Z14: =SUM(X14:Y14) -> 399 | AB14: =COUNTIF(V$8:V$85,V14) -> 1
C15: 6 | D15: ЛД-21 | E15: 25 | F15: =IF(E15<15,1,IF(((E15>=15)*(E15<23)),2,3)) -> 3 | I15: =G15 -> 0 | J15: =IF(H15=0,0,H15*$F15) -> 0 | K15: =SUM(I15:J15) -> 0 | M15: 12 | O15: =M15 -> 12 | P15: =IF(N15=0,0,N15*$F15) -> 0 | Q15: =SUM(O15:P15) -> 12 | S15: =SUM(K15:L15,Q15:R15) -> 12 | U15: 8 | V15: Акимканова А. | W15: ОСД | X15: =SUMIF($B$8:$B$591,$V15,G$8:G$591) -> 96 | Y15: =SUMIF($B$8:$B$591,$V15,M$8:M$591) -> 0 | Z15: =SUM(X15:Y15) -> 96 | AB15: =COUNTIF(V$8:V$85,V15) -> 1
B16: Акунова Ч. ВНЕШТ | G16: =SUM(K17:L17) -> 0 | M16: =SUM(Q17:R17) -> 45 | S16: =SUM(G16:Q16) -> 45 | U16: 9 | V16: Акматова Ж. | W16: Гинекология | X16: =SUMIF($B$8:$B$591,$V16,G$8:G$591) -> 0 | Y16: =SUMIF($B$8:$B$591,$V16,M$8:M$591) -> 42 | Z16: =SUM(X16:Y16) -> 42 | AB16: =COUNTIF(V$8:V$85,V16) -> 1
C17: 2 | D17: АД-21 | E17: 13 | F17: =IF(E17<15,1,IF(((E17>=15)*(E17<23)),2,3)) -> 1 | I17: =G17 -> 0 | J17: =IF(H17=0,0,H17*$F17) -> 0 | K17: =SUM(I17:J17) -> 0 | N17: 33 | O17: =M17 -> 0 | P17: =IF(N17=0,0,N17*$F17) -> 33 | Q17: =SUM(O17:P17) -> 33 | R17: 12 | S17: =SUM(K17:L17,Q17:R17) -> 45 | U17: 10 | V17: Акунова Ч. | W17: Инф контроль | X17: =SUMIF($B$8:$B$591,$V17,G$8:G$591) -> 54 | Y17: =SUMIF($B$8:$B$591,$V17,M$8:M$591) -> 0 | Z17: =SUM(X17:Y17) -> 54 | AB17: =COUNTIF(V$8:V$85,V17) -> 1
B18: Дикамбаев М. ВНЕШ | G18: =SUM(K19:L21) -> 0 | M18: =SUM(Q19:R21) -> 18 | S18: =SUM(G18:Q18) -> 18 | U18: 11 | V18: Акунова Ч. ВНЕШТ | W18: Хирургия | X18: =SUMIF($B$8:$B$591,$V18,G$8:G$591) -> 0 | Y18: =SUMIF($B$8:$B$591,$V18,M$8:M$591) -> 109 | Z18: =SUM(X18:Y18) -> 109 | AB18: =COUNTIF(V$8:V$85,V18) -> 1
C19: 1 | D19: СД-21 | E19: 20 | F19: =IF(E19<15,1,IF(((E19>=15)*(E19<23)),2,3)) -> 2 | I19: =G19 -> 0 | J19: =IF(H19=0,0,H19*$F19) -> 0 | K19: =SUM(I19:J19) -> 0 | M19: 6 | O19: =M19 -> 6 | P19: =IF(N19=0,0,N19*$F19) -> 0 | Q19: =SUM(O19:P19) -> 6 | S19: =SUM(K19:L19,Q19:R19) -> 6 | U19: 12 | V19: Алиева Х.О. | W19: Оториноларингология | X19: =SUMIF($B$8:$B$591,$V19,G$8:G$591) -> 90 | Y19: =SUMIF($B$8:$B$591,$V19,M$8:M$591) -> 225 | Z19: =SUM(X19:Y19) -> 315 | AB19: =COUNTIF(V$8:V$85,V19) -> 1
C20: 4 | D20: ЛД-31 | E20: 25 | F20: =IF(E20<15,1,IF(((E20>=15)*(E20<23)),2,3)) -> 3 | I20: =G20 -> 0 | J20: =IF(H20=0,0,H20*$F20) -> 0 | K20: =SUM(I20:J20) -> 0 | M20: 6 | O20: =M20 -> 6 | P20: =IF(N20=0,0,N20*$F20) -> 0 | Q20: =SUM(O20:P20) -> 6 | S20: =SUM(K20:L20,Q20:R20) -> 6 | U20: 13 | V20: Аманатова А. | W20: Анг язык | X20: =SUMIF($B$8:$B$591,$V20,G$8:G$591) -> 156 | Y20: =SUMIF($B$8:$B$591,$V20,M$8:M$591) -> 42 | Z20: =SUM(X20:Y20) -> 198 | AB20: =COUNTIF(V$8:V$85,V20) -> 1
C21: 6 | D21: ЛД-21 | E21: 25 | F21: =IF(E21<15,1,IF(((E21>=15)*(E21<23)),2,3)) -> 3 | I21: =G21 -> 0 | J21: =IF(H21=0,0,H21*$F21) -> 0 | K21: =SUM(I21:J21) -> 0 | M21: 6 | O21: =M21 -> 6 | P21: =IF(N21=0,0,N21*$F21) -> 0 | Q21: =SUM(O21:P21) -> 6 | S21: =SUM(K21:L21,Q21:R21) -> 6 | U21: 14 | V21: Аманкелдиева А. | W21: Терапия | X21: =SUMIF($B$8:$B$591,$V21,G$8:G$591) -> 81 | Y21: =SUMIF($B$8:$B$591,$V21,M$8:M$591) -> 81 | Z21: =SUM(X21:Y21) -> 162 | AB21: =COUNTIF(V$8:V$85,V21) -> 1
B22: Дикамбаев М. | G22: =SUM(K23:L24) -> 0 | M22: =SUM(Q23:R24) -> 177 | S22: =SUM(G22:Q22) -> 177 | U22: 15 | V22: Асаналиева Г. | W22: Мед массаж | X22: =SUMIF($B$8:$B$591,$V22,G$8:G$591) -> 0 | Y22: =SUMIF($B$8:$B$591,$V22,M$8:M$591) -> 111 | Z22: =SUM(X22:Y22) -> 111 | AB22: =COUNTIF(V$8:V$85,V22) -> 1
C23: 2 | D23: СД-21 | E23: 20 | F23: =IF(E23<15,1,IF(((E23>=15)*(E23<23)),2,3)) -> 2 | I23: =G23 -> 0 | J23: =IF(H23=0,0,H23*$F23) -> 0 | K23: =SUM(I23:J23) -> 0 | N23: 36 | O23: =M23 -> 0 | P23: =IF(N23=0,0,N23*$F23) -> 72 | Q23: =SUM(O23:P23) -> 72 | R23: 12 | S23: =SUM(K23:L23,Q23:R23) -> 84 | U23: 16 | V23: Аскарбеков Б. | W23: БЖМК | X23: =SUMIF($B$8:$B$591,$V23,G$8:G$591) -> 0 | Y23: =SUMIF($B$8:$B$591,$V23,M$8:M$591) -> 66 | Z23: =SUM(X23:Y23) -> 66 | AB23: =COUNTIF(V$8:V$85,V23) -> 1
C24: 1 | D24: ЛД-21 | E24: 25 | F24: =IF(E24<15,1,IF(((E24>=15)*(E24<23)),2,3)) -> 3 | I24: =G24 -> 0 | J24: =IF(H24=0,0,H24*$F24) -> 0 | K24: =SUM(I24:J24) -> 0 | N24: 27 | O24: =M24 -> 0 | P24: =IF(N24=0,0,N24*$F24) -> 81 | Q24: =SUM(O24:P24) -> 81 | R24: 12 | S24: =SUM(K24:L24,Q24:R24) -> 93 | U24: 17 | V24: Аширахманова Г.Б. | W24: Педиатрия | X24: =SUMIF($B$8:$B$591,$V24,G$8:G$591) -> 66 | Y24: =SUMIF($B$8:$B$591,$V24,M$8:M$591) -> 162 | Z24: =SUM(X24:Y24) -> 228 | AB24: =COUNTIF(V$8:V$85,V24) -> 1
B25: Янхаева З. | G25: =SUM(K26:L26) -> 120 | M25: =SUM(Q26:R26) -> 0 | S25: =SUM(G25:Q25) -> 120 | U25: 18 | V25: Бейсенбиева А. | W25: Терапия | X25: =SUMIF($B$8:$B$591,$V25,G$8:G$591) -> 297 | Y25: =SUMIF($B$8:$B$591,$V25,M$8:M$591) -> 252 | Z25: =SUM(X25:Y25) -> 549 | AB25: =COUNTIF(V$8:V$85,V25) -> 1
C26: 2 | D26: ЛД-41 | E26: 25 | F26: =IF(E26<15,1,IF(((E26>=15)*(E26<23)),2,3)) -> 3 | H26: 36 | I26: =G26 -> 0 | J26: =IF(H26=0,0,H26*$F26) -> 108 | K26: =SUM(I26:J26) -> 108 | L26: 12 | O26: =M26 -> 0 | P26: =IF(N26=0,0,N26*$F26) -> 0 | Q26: =SUM(O26:P26) -> 0 | S26: =SUM(K26:L26,Q26:R26) -> 120 | U26: 19 | V26: Бектурганова Н.Н. | W26: Мед массаж | X26: =SUMIF($B$8:$B$591,$V26,G$8:G$591) -> 0 | Y26: =SUMIF($B$8:$B$591,$V26,M$8:M$591) -> 0 | Z26: =SUM(X26:Y26) -> 0 | AB26: =COUNTIF(V$8:V$85,V26) -> 1
B27: Кучерова В. | G27: =SUM(K28:L29) -> 231 | M27: =SUM(Q28:R29) -> 204 | S27: =SUM(G27:Q27) -> 435 | U27: 20 | V27: Гениевская Н. | W27: Инфекционные болезни | X27: =SUMIF($B$8:$B$591,$V27,G$8:G$591) -> 240 | Y27: =SUMIF($B$8:$B$591,$V27,M$8:M$591) -> 207 | Z27: =SUM(X27:Y27) -> 447 | AB27: =COUNTIF(V$8:V$85,V27) -> 1
C28: 3 | D28: СД-31 | E28: 25 | F28: =IF(E28<15,1,IF(((E28>=15)*(E28<23)),2,3)) -> 3 | H28: 33 | J28: =IF(H28=0,0,H28*$F28) -> 99 | K28: =SUM(I28:J28) -> 99 | L28: 12 | N28: 33 | P28: =IF(N28=0,0,N28*$F28) -> 99 | Q28: =SUM(O28:P28) -> 99 | R28: 12 | S28: =SUM(K28:L28,Q28:R28) -> 222 | U28: 21 | V28: Герасимчук А. | W28: ГиГТ | X28: =SUMIF($B$8:$B$591,$V28,G$8:G$591) -> 333 | Y28: =SUMIF($B$8:$B$591,$V28,M$8:M$591) -> 445 | Z28: =SUM(X28:Y28) -> 778 | AB28: =COUNTIF(V$8:V$85,V28) -> 1
C29: 3 | D29: ЛД-31 | E29: 25 | F29: 3 | H29: 36 | J29: =IF(H29=0,0,H29*$F29) -> 108 | K29: =SUM(I29:J29) -> 108 | L29: 12 | N29: 27 | P29: =IF(N29=0,0,N29*$F29) -> 81 | Q29: =SUM(O29:P29) -> 81 | R29: 12 | S29: =SUM(K29:L29,Q29:R29) -> 213 | U29: 22 | V29: Дженбекова А. | W29: ПОПД | X29: =SUMIF($B$8:$B$591,$V29,G$8:G$591) -> 118 | Y29: =SUMIF($B$8:$B$591,$V29,M$8:M$591) -> 189 | Z29: =SUM(X29:Y29) -> 307 | AB29: =COUNTIF(V$8:V$85,V29) -> 1
B30: 2 | D30: Терапия | G30: =SUM(G31,G33,G40,G46) -> 609 | M30: =SUM(M31,M33,M40,M46) -> 564 | S30: =SUM(S31,S33,S40,S46) -> 1173 | U30: 23 | V30: Джолдошева Д.Э. | W30: Акушерство | X30: =SUMIF($B$8:$B$591,$V30,G$8:G$591) -> 117 | Y30: =SUMIF($B$8:$B$591,$V30,M$8:M$591) -> 81 | Z30: =SUM(X30:Y30) -> 198 | AB30: =COUNTIF(V$8:V$85,V30) -> 1
B31: Аманкелдиева А. | G31: =SUM(K32:L32) -> 81 | M31: =SUM(Q32:R32) -> 81 | S31: =SUM(G31:Q31) -> 162 | U31: 24 | V31: Дикамбаев М. | W31: Хирургитя | X31: =SUMIF($B$8:$B$591,$V31,G$8:G$591) -> 0 | Y31: =SUMIF($B$8:$B$591,$V31,M$8:M$591) -> 177 | Z31: =SUM(X31:Y31) -> 177 | AB31: =COUNTIF(V$8:V$85,V31) -> 1
C32: 3 | D32: ЛД-31 | E32: 25 | F32: =IF(E32<15,1,IF(((E32>=15)*(E32<23)),2,3)) -> 3 | H32: 27 | I32: =G32 -> 0 | J32: =IF(H32=0,0,H32*$F32) -> 81 | K32: =SUM(I32:J32) -> 81 | N32: 27 | O32: =M32 -> 0 | P32: =IF(N32=0,0,N32*$F32) -> 81 | Q32: =SUM(O32:P32) -> 81 | S32: =SUM(K32:L32,Q32:R32) -> 162 | U32: 25 | V32: Дикамбаев М. ВНЕШ | W32: Хирургия | X32: =SUMIF($B$8:$B$591,$V32,G$8:G$591) -> 0 | Y32: =SUMIF($B$8:$B$591,$V32,M$8:M$591) -> 18 | Z32: =SUM(X32:Y32) -> 18 | AB32: =COUNTIF(V$8:V$85,V32) -> 1
B33: Янхаева З. | G33: =SUM(K34:L39) -> 231 | M33: =SUM(Q34:R39) -> 0 | S33: =SUM(G33:Q33) -> 231 | U33: 26 | V33: Жакыпбеков К.Ш. | W33: Хирургия | X33: =SUMIF($B$8:$B$591,$V33,G$8:G$591) -> 222 | Y33: =SUMIF($B$8:$B$591,$V33,M$8:M$591) -> 66 | Z33: =SUM(X33:Y33) -> 288 | AB33: =COUNTIF(V$8:V$85,V33) -> 1
C34: 1 | D34: СД-21 | E34: 20 | F34: =IF(E34<15,1,IF(((E34>=15)*(E34<23)),2,3)) -> 2 | I34: =G34 -> 0 | J34: =IF(H34=0,0,H34*$F34) -> 0 | K34: =SUM(I34:J34) -> 0 | O34: =M34 -> 0 | P34: =IF(N34=0,0,N34*$F34) -> 0 | Q34: =SUM(O34:P34) -> 0 | S34: =SUM(K34:L34,Q34:R34) -> 0 | U34: 27 | V34: Желденбаева Г. | W34: Кырг язык | X34: =SUMIF($B$8:$B$591,$V34,G$8:G$591) -> 104 | Y34: =SUMIF($B$8:$B$591,$V34,M$8:M$591) -> 0 | Z34: =SUM(X34:Y34) -> 104 | AB34: =COUNTIF(V$8:V$85,V34) -> 1
C35: 2 | D35: АД-21 | E35: 13 | F35: =IF(E35<15,1,IF(((E35>=15)*(E35<23)),2,3)) -> 1 | G35: 18 | I35: =G35 -> 18 | J35: =IF(H35=0,0,H35*$F35) -> 0 | K35: =SUM(I35:J35) -> 18 | O35: =M35 -> 0 | P35: =IF(N35=0,0,N35*$F35) -> 0 | Q35: =SUM(O35:P35) -> 0 | S35: =SUM(K35:L35,Q35:R35) -> 18 | U35: 28 | V35: Жидебаева Н.Т. | W35: ОСД | X35: =SUMIF($B$8:$B$591,$V35,G$8:G$591) -> 278 | Y35: =SUMIF($B$8:$B$591,$V35,M$8:M$591) -> 291 | Z35: =SUM(X35:Y35) -> 569 | AB35: =COUNTIF(V$8:V$85,V35) -> 1
C36: 3 | D36: СД-31 | E36: 25 | F36: =IF(E36<15,1,IF(((E36>=15)*(E36<23)),2,3)) -> 3 | G36: 12 | I36: =G36 -> 12 | J36: =IF(H36=0,0,H36*$F36) -> 0 | K36: =SUM(I36:J36) -> 12 | O36: =M36 -> 0 | P36: =IF(N36=0,0,N36*$F36) -> 0 | Q36: =SUM(O36:P36) -> 0 | S36: =SUM(K36:L36,Q36:R36) -> 12 | U36: 29 | V36: Замирбекова К. | W36: ПМП | X36: =SUMIF($B$8:$B$591,$V36,G$8:G$591) -> 225 | Y36: =SUMIF($B$8:$B$591,$V36,M$8:M$591) -> 102 | Z36: =SUM(X36:Y36) -> 327 | AB36: =COUNTIF(V$8:V$85,V36) -> 1
C37: 4 | D37: ЛД-31 | E37: 25 | F37: =IF(E37<15,1,IF(((E37>=15)*(E37<23)),2,3)) -> 3 | G37: 18 | I37: =G37 -> 18 | J37: =IF(H37=0,0,H37*$F37) -> 0 | K37: =SUM(I37:J37) -> 18 | O37: =M37 -> 0 | P37: =IF(N37=0,0,N37*$F37) -> 0 | Q37: =SUM(O37:P37) -> 0 | S37: =SUM(K37:L37,Q37:R37) -> 18 | U37: 30 | V37: Иманалиева А. | W37: ПОПД | X37: =SUMIF($B$8:$B$591,$V37,G$8:G$591) -> 8 | Y37: =SUMIF($B$8:$B$591,$V37,M$8:M$591) -> 0 | Z37: =SUM(X37:Y37) -> 8 | AB37: =COUNTIF(V$8:V$85,V37) -> 1
C38: 5 | D38: ЛД-41 | E38: 25 | F38: =IF(E38<15,1,IF(((E38>=15)*(E38<23)),2,3)) -> 3 | G38: 18 | I38: =G38 -> 18 | J38: =IF(H38=0,0,H38*$F38) -> 0 | K38: =SUM(I38:J38) -> 18 | O38: =M38 -> 0 | P38: =IF(N38=0,0,N38*$F38) -> 0 | Q38: =SUM(O38:P38) -> 0 | S38: =SUM(K38:L38,Q38:R38) -> 18 | U38: 31 | V38: Исалиева Г.Б. | W38: Манасоведение | X38: =SUMIF($B$8:$B$591,$V38,G$8:G$591) -> 150 | Y38: =SUMIF($B$8:$B$591,$V38,M$8:M$591) -> 0 | Z38: =SUM(X38:Y38) -> 150 | AB38: =COUNTIF(V$8:V$85,V38) -> 1
C39: 6 | D39: ЛД-21 | E39: 25 | F39: =IF(E39<15,1,IF(((E39>=15)*(E39<23)),2,3)) -> 3 | G39: 36 | H39: 39 | I39: =G39 -> 36 | J39: =IF(H39=0,0,H39*$F39) -> 117 | K39: =SUM(I39:J39) -> 153 | L39: 12 | O39: =M39 -> 0 | P39: =IF(N39=0,0,N39*$F39) -> 0 | Q39: =SUM(O39:P39) -> 0 | S39: =SUM(K39:L39,Q39:R39) -> 165 | U39: 32 | V39: Исмаилова З.Д. | W39: Болезни зубов и полости рта | X39: =SUMIF($B$8:$B$591,$V39,G$8:G$591) -> 128 | Y39: =SUMIF($B$8:$B$591,$V39,M$8:M$591) -> 123 | Z39: =SUM(X39:Y39) -> 251 | AB39: =COUNTIF(V$8:V$85,V39) -> 1
B40: Омуркул к. К. | G40: =SUM(K41:L45) -> 0 | M40: =SUM(Q41:R45) -> 231 | S40: =SUM(G40:Q40) -> 231 | U40: 33 | V40: Кадыракун у. К. | W40: История | X40: =SUMIF($B$8:$B$591,$V40,G$8:G$591) -> 108 | Y40: =SUMIF($B$8:$B$591,$V40,M$8:M$591) -> 96 | Z40: =SUM(X40:Y40) -> 204 | AB40: =COUNTIF(V$8:V$85,V40) -> 1
C41: 1 | D41: СД-21 | E41: 20 | F41: =IF(E41<15,1,IF(((E41>=15)*(E41<23)),2,3)) -> 2 | I41: =G41 -> 0 | J41: =IF(H41=0,0,H41*$F41) -> 0 | K41: =SUM(I41:J41) -> 0 | M41: 24 | O41: =M41 -> 24 | P41: =IF(N41=0,0,N41*$F41) -> 0 | Q41: =SUM(O41:P41) -> 24 | S41: =SUM(K41:L41,Q41:R41) -> 24 | U41: 34 | V41: Карыбаев Т. | W41: Реаниматология | X41: =SUMIF($B$8:$B$591,$V41,G$8:G$591) -> 99 | Y41: =SUMIF($B$8:$B$591,$V41,M$8:M$591) -> 0 | Z41: =SUM(X41:Y41) -> 99 | AB41: =COUNTIF(V$8:V$85,V41) -> 1
C42: 2 | D42: АД-21 | E42: 13 | F42: =IF(E42<15,1,IF(((E42>=15)*(E42<23)),2,3)) -> 1 | I42: =G42 -> 0 | J42: =IF(H42=0,0,H42*$F42) -> 0 | K42: =SUM(I42:J42) -> 0 | M42: 12 | O42: =M42 -> 12 | P42: =IF(N42=0,0,N42*$F42) -> 0 | Q42: =SUM(O42:P42) -> 12 | S42: =SUM(K42:L42,Q42:R42) -> 12 | U42: 35 | V42: Карыбаева М. | W42: ОСД | X42: =SUMIF($B$8:$B$591,$V42,G$8:G$591) -> 114 | Y42: =SUMIF($B$8:$B$591,$V42,M$8:M$591) -> 0 | Z42: =SUM(X42:Y42) -> 114 | AB42: =COUNTIF(V$8:V$85,V42) -> 1
C43: 3 | D43: СД-31 | E43: 25 | F43: =IF(E43<15,1,IF(((E43>=15)*(E43<23)),2,3)) -> 3 | I43: =G43 -> 0 | J43: =IF(H43=0,0,H43*$F43) -> 0 | K43: =SUM(I43:J43) -> 0 | M43: 12 | O43: =M43 -> 12 | P43: =IF(N43=0,0,N43*$F43) -> 0 | Q43: =SUM(O43:P43) -> 12 | S43: =SUM(K43:L43,Q43:R43) -> 12 | U43: 36 | V43: Касеева Н. | W43: География КР | X43: =SUMIF($B$8:$B$591,$V43,G$8:G$591) -> 228 | Y43: =SUMIF($B$8:$B$591,$V43,M$8:M$591) -> 84 | Z43: =SUM(X43:Y43) -> 312 | AB43: =COUNTIF(V$8:V$85,V43) -> 1
C44: 4 | D44: ЛД-31 | E44: 25 | F44: =IF(E44<15,1,IF(((E44>=15)*(E44<23)),2,3)) -> 3 | I44: =G44 -> 0 | J44: =IF(H44=0,0,H44*$F44) -> 0 | K44: =SUM(I44:J44) -> 0 | M44: 18 | O44: =M44 -> 18 | P44: =IF(N44=0,0,N44*$F44) -> 0 | Q44: =SUM(O44:P44) -> 18 | S44: =SUM(K44:L44,Q44:R44) -> 18 | U44: 37 | V44: Кубатова А. | W44: Акушерство | X44: =SUMIF($B$8:$B$591,$V44,G$8:G$591) -> 432 | Y44: =SUMIF($B$8:$B$591,$V44,M$8:M$591) -> 319 | Z44: =SUM(X44:Y44) -> 751 | AB44: =COUNTIF(V$8:V$85,V44) -> 1
C45: 6 | D45: ЛД-21 | E45: 25 | F45: =IF(E45<15,1,IF(((E45>=15)*(E45<23)),2,3)) -> 3 | I45: =G45 -> 0 | J45: =IF(H45=0,0,H45*$F45) -> 0 | K45: =SUM(I45:J45) -> 0 | M45: 36 | N45: 39 | O45: =M45 -> 36 | P45: =IF(N45=0,0,N45*$F45) -> 117 | Q45: =SUM(O45:P45) -> 153 | R45: 12 | S45: =SUM(K45:L45,Q45:R45) -> 165 | U45: 38 | V45: Кудайбергенова Э. | W45: Реанимация | X45: =SUMIF($B$8:$B$591,$V45,G$8:G$591) -> 153 | Y45: =SUMIF($B$8:$B$591,$V45,M$8:M$591) -> 0 | Z45: =SUM(X45:Y45) -> 153 | AB45: =COUNTIF(V$8:V$85,V45) -> 1
B46: Бейсенбиева А. | G46: =SUM(K47:L51) -> 297 | M46: =SUM(Q47:R51) -> 252 | S46: =SUM(G46:Q46) -> 549 | U46: 39 | V46: Кулукеева Д. | W46: Проф. математика | X46: =SUMIF($B$8:$B$591,$V46,G$8:G$591) -> 90 | Y46: =SUMIF($B$8:$B$591,$V46,M$8:M$591) -> 192 | Z46: =SUM(X46:Y46) -> 282 | AB46: =COUNTIF(V$8:V$85,V46) -> 1
C47: 3 | D47: ЛД-31 | E47: 25 | F47: =IF(E47<15,1,IF(((E47>=15)*(E47<23)),2,3)) -> 3 | I47: =G47 -> 0 | J47: =IF(H47=0,0,H47*$F47) -> 0 | K47: =SUM(I47:J47) -> 0 | L47: 12 | O47: =M47 -> 0 | P47: =IF(N47=0,0,N47*$F47) -> 0 | Q47: =SUM(O47:P47) -> 0 | R47: 12 | S47: =SUM(K47:L47,Q47:R47) -> 24 | U47: 40 | V47: Кучерова В. | W47: Хирургия | X47: =SUMIF($B$8:$B$591,$V47,G$8:G$591) -> 291 | Y47: =SUMIF($B$8:$B$591,$V47,M$8:M$591) -> 306 | Z47: =SUM(X47:Y47) -> 597 | AB47: =COUNTIF(V$8:V$85,V47) -> 1
C48: 1 | D48: СД-21 | E48: 20 | F48: =IF(E48<15,1,IF(((E48>=15)*(E48<23)),2,3)) -> 2 | I48: =G48 -> 0 | J48: =IF(H48=0,0,H48*$F48) -> 0 | K48: =SUM(I48:J48) -> 0 | N48: 36 | O48: =M48 -> 0 | P48: =IF(N48=0,0,N48*$F48) -> 72 | Q48: =SUM(O48:P48) -> 72 | R48: 12 | S48: =SUM(K48:L48,Q48:R48) -> 84 | U48: 41 | V48: Майрамбек к. А. | W48: СМ | X48: =SUMIF($B$8:$B$591,$V48,G$8:G$591) -> 130 | Y48: =SUMIF($B$8:$B$591,$V48,M$8:M$591) -> 0 | Z48: =SUM(X48:Y48) -> 130 | AB48: =COUNTIF(V$8:V$85,V48) -> 1
C49: 2 | D49: СД-31 | E49: 25 | F49: =IF(E49<15,1,IF(((E49>=15)*(E49<23)),2,3)) -> 3 | H49: 33 | I49: =G49 -> 0 | J49: =IF(H49=0,0,H49*$F49) -> 99 | K49: =SUM(I49:J49) -> 99 | L49: 12 | N49: 33 | O49: =M49 -> 0 | P49: =IF(N49=0,0,N49*$F49) -> 99 | Q49: =SUM(O49:P49) -> 99 | R49: 12 | S49: =SUM(K49:L49,Q49:R49) -> 222 | U49: 42 | V49: Мамралиева С.А. | W49: Клин фарм | X49: =SUMIF($B$8:$B$591,$V49,G$8:G$591) -> 306 | Y49: =SUMIF($B$8:$B$591,$V49,M$8:M$591) -> 186 | Z49: =SUM(X49:Y49) -> 492 | AB49: =COUNTIF(V$8:V$85,V49) -> 1
C50: 1 | D50: ЛД-41 | E50: 25 | F50: =IF(E50<15,1,IF(((E50>=15)*(E50<23)),2,3)) -> 3 | H50: 36 | I50: =G50 -> 0 | J50: =IF(H50=0,0,H50*$F50) -> 108 | K50: =SUM(I50:J50) -> 108 | L50: 12 | O50: =M50 -> 0 | P50: =IF(N50=0,0,N50*$F50) -> 0 | Q50: =SUM(O50:P50) -> 0 | S50: =SUM(K50:L50,Q50:R50) -> 120 | U50: 43 | V50: Махмедов И.Т. | W50: Физвоспитание | X50: =SUMIF($B$8:$B$591,$V50,G$8:G$591) -> 58 | Y50: =SUMIF($B$8:$B$591,$V50,M$8:M$591) -> 60 | Z50: =SUM(X50:Y50) -> 118 | AB50: =COUNTIF(V$8:V$85,V50) -> 1
C51: 1 | D51: АД-21 | E51: 13 | F51: =IF(E51<15,1,IF(((E51>=15)*(E51<23)),2,3)) -> 1 | H51: 42 | I51: =G51 -> 0 | J51: =IF(H51=0,0,H51*$F51) -> 42 | K51: =SUM(I51:J51) -> 42 | L51: 12 | N51: 33 | O51: =M51 -> 0 | P51: =IF(N51=0,0,N51*$F51) -> 33 | Q51: =SUM(O51:P51) -> 33 | R51: 12 | S51: =SUM(K51:L51,Q51:R51) -> 99 | U51: 44 | V51: Молдалиева Б. | W51: Анг язык | X51: =SUMIF($B$8:$B$591,$V51,G$8:G$591) -> 120 | Y51: =SUMIF($B$8:$B$591,$V51,M$8:M$591) -> 72 | Z51: =SUM(X51:Y51) -> 192 | AB51: =COUNTIF(V$8:V$85,V51) -> 1
B52: 3 | D52: Фтизиатрия | G52: =SUM(G53) -> 90 | M52: =SUM(M53) -> 60 | S52: =SUM(S53) -> 150 | U52: 45 | V52: Мусаева Э. | W52: Латинский язык | X52: =SUMIF($B$8:$B$591,$V52,G$8:G$591) -> 58 | Y52: =SUMIF($B$8:$B$591,$V52,M$8:M$591) -> 208 | Z52: =SUM(X52:Y52) -> 266 | AB52: =COUNTIF(V$8:V$85,V52) -> 1
B53: Замирбекова К. | G53: =SUM(K54:L55) -> 90 | M53: =SUM(Q54:R55) -> 60 | S53: =SUM(G53:Q53) -> 150 | U53: 46 | V53: Омуркул к. К. | W53: Терапия | X53: =SUMIF($B$8:$B$591,$V53,G$8:G$591) -> 0 | Y53: =SUMIF($B$8:$B$591,$V53,M$8:M$591) -> 231 | Z53: =SUM(X53:Y53) -> 231 | AB53: =COUNTIF(V$8:V$85,V53) -> 1
C54: 1 | D54: АД-31 | E54: 19 | F54: =IF(E54<15,1,IF(((E54>=15)*(E54<23)),2,3)) -> 2 | I54: =G54 -> 0 | J54: =IF(H54=0,0,H54*$F54) -> 0 | K54: =SUM(I54:J54) -> 0 | M54: 12 | N54: 18 | O54: =M54 -> 12 | P54: =IF(N54=0,0,N54*$F54) -> 36 | Q54: =SUM(O54:P54) -> 48 | R54: 12 | S54: =SUM(K54:L54,Q54:R54) -> 60 | U54: 47 | V54: Орускулова Т.Р. | W54: Ан и физ чел | X54: =SUMIF($B$8:$B$591,$V54,G$8:G$591) -> 250 | Y54: =SUMIF($B$8:$B$591,$V54,M$8:M$591) -> 216 | Z54: =SUM(X54:Y54) -> 466 | AB54: =COUNTIF(V$8:V$85,V54) -> 1
C55: 3 | D55: СД-21 | E55: 20 | F55: =IF(E55<15,1,IF(((E55>=15)*(E55<23)),2,3)) -> 2 | G55: 12 | H55: 33 | I55: =G55 -> 12 | J55: =IF(H55=0,0,H55*$F55) -> 66 | K55: =SUM(I55:J55) -> 78 | L55: 12 | O55: =M55 -> 0 | P55: =IF(N55=0,0,N55*$F55) -> 0 | Q55: =SUM(O55:P55) -> 0 | S55: =SUM(K55:L55,Q55:R55) -> 90 | U55: 48 | V55: Осмоналиева Г.Д. | W55: Проф. русский язык | X55: =SUMIF($B$8:$B$591,$V55,G$8:G$591) -> 114 | Y55: =SUMIF($B$8:$B$591,$V55,M$8:M$591) -> 72 | Z55: =SUM(X55:Y55) -> 186 | AB55: =COUNTIF(V$8:V$85,V55) -> 1
B56: 4 | D56: Офтальмология | G56: =SUM(G57,G61,G64) -> 0 | M56: =SUM(M57,M61,M64) -> 294 | S56: =SUM(S57,S61,S64) -> 294 | U56: 49 | V56: Осмоналиева М. | W56: Педиатрия | X56: =SUMIF($B$8:$B$591,$V56,G$8:G$591) -> 252 | Y56: =SUMIF($B$8:$B$591,$V56,M$8:M$591) -> 309 | Z56: =SUM(X56:Y56) -> 561 | AB56: =COUNTIF(V$8:V$85,V56) -> 1
B57: Алиева Х.О. | G57: =SUM(K58:L60) -> 0 | M57: =SUM(Q58:R60) -> 54 | S57: =SUM(G57:Q57) -> 54 | U57: 50 | V57: Оторбаева Г. | W57: Фармакология | X57: =SUMIF($B$8:$B$591,$V57,G$8:G$591) -> 126 | Y57: =SUMIF($B$8:$B$591,$V57,M$8:M$591) -> 0 | Z57: =SUM(X57:Y57) -> 126 | AB57: =COUNTIF(V$8:V$85,V57) -> 1
C58: 1 | D58: ЛД-31 | E58: 25 | F58: =IF(E58<15,1,IF(((E58>=15)*(E58<23)),2,3)) -> 3 | I58: =G58 -> 0 | J58: =IF(H58=0,0,H58*$F58) -> 0 | K58: =SUM(I58:J58) -> 0 | M58: 18 | O58: =M58 -> 18 | P58: =IF(N58=0,0,N58*$F58) -> 0 | Q58: =SUM(O58:P58) -> 18 | R58: 12 | S58: =SUM(K58:L58,Q58:R58) -> 30 | U58: 51 | V58: Рысалиева С. | W58: Реаниматология | X58: =SUMIF($B$8:$B$591,$V58,G$8:G$591) -> 90 | Y58: =SUMIF($B$8:$B$591,$V58,M$8:M$591) -> 0 | Z58: =SUM(X58:Y58) -> 90 | AB58: =COUNTIF(V$8:V$85,V58) -> 1
C59: 2 | D59: СД-31 | E59: 25 | F59: =IF(E59<15,1,IF(((E59>=15)*(E59<23)),2,3)) -> 3 | I59: =G59 -> 0 | J59: =IF(H59=0,0,H59*$F59) -> 0 | K59: =SUM(I59:J59) -> 0 | M59: 12 | O59: =M59 -> 12 | P59: =IF(N59=0,0,N59*$F59) -> 0 | Q59: =SUM(O59:P59) -> 12 | S59: =SUM(K59:L59,Q59:R59) -> 12 | U59: 52 | V59: Рыскелдиева А.Р. | W59: МИкробиология | X59: =SUMIF($B$8:$B$591,$V59,G$8:G$591) -> 162 | Y59: =SUMIF($B$8:$B$591,$V59,M$8:M$591) -> 174 | Z59: =SUM(X59:Y59) -> 336 | AB59: =COUNTIF(V$8:V$85,V59) -> 1
C60: 3 | D60: АД-31 | E60: 19 | F60: =IF(E60<15,1,IF(((E60>=15)*(E60<23)),2,3)) -> 2 | I60: =G60 -> 0 | J60: =IF(H60=0,0,H60*$F60) -> 0 | K60: =SUM(I60:J60) -> 0 | M60: 12 | O60: =M60 -> 12 | P60: =IF(N60=0,0,N60*$F60) -> 0 | Q60: =SUM(O60:P60) -> 12 | S60: =SUM(K60:L60,Q60:R60) -> 12 | U60: 53 | V60: Сарбаева Ч.Д. | W60: История КР | X60: =SUMIF($B$8:$B$591,$V60,G$8:G$591) -> 60 | Y60: =SUMIF($B$8:$B$591,$V60,M$8:M$591) -> 0 | Z60: =SUM(X60:Y60) -> 60 | AB60: =COUNTIF(V$8:V$85,V60) -> 1
B61: Кубатова А. | G61: =SUM(K62:L63) -> 0 | M61: =SUM(Q62:R63) -> 24 | S61: =SUM(G61:Q61) -> 24 | U61: 54 | V61: Сейитова Э. | W61: Микробиология | X61: =SUMIF($B$8:$B$591,$V61,G$8:G$591) -> 144 | Y61: =SUMIF($B$8:$B$591,$V61,M$8:M$591) -> 156 | Z61: =SUM(X61:Y61) -> 300 | AB61: =COUNTIF(V$8:V$85,V61) -> 1
C62: 2 | D62: СД-31 | E62: 25 | F62: =IF(E62<15,1,IF(((E62>=15)*(E62<23)),2,3)) -> 3 | I62: =G62 -> 0 | J62: =IF(H62=0,0,H62*$F62) -> 0 | K62: =SUM(I62:J62) -> 0 | O62: =M62 -> 0 | P62: =IF(N62=0,0,N62*$F62) -> 0 | Q62: =SUM(O62:P62) -> 0 | R62: 12 | S62: =SUM(K62:L62,Q62:R62) -> 12 | U62: 55 | V62: Стеценко Е. | W62: Дермат | X62: =SUMIF($B$8:$B$591,$V62,G$8:G$591) -> 148 | Y62: =SUMIF($B$8:$B$591,$V62,M$8:M$591) -> 12 | Z62: =SUM(X62:Y62) -> 160 | AB62: =COUNTIF(V$8:V$85,V62) -> 1
C63: 3 | D63: АД-31 | E63: 19 | F63: =IF(E63<15,1,IF(((E63>=15)*(E63<23)),2,3)) -> 2 | I63: =G63 -> 0 | J63: =IF(H63=0,0,H63*$F63) -> 0 | K63: =SUM(I63:J63) -> 0 | O63: =M63 -> 0 | P63: =IF(N63=0,0,N63*$F63) -> 0 | Q63: =SUM(O63:P63) -> 0 | R63: 12 | S63: =SUM(K63:L63,Q63:R63) -> 12 | U63: 56 | V63: Султаналиева Ч. | W63: АиФ | X63: =SUMIF($B$8:$B$591,$V63,G$8:G$591) -> 345 | Y63: =SUMIF($B$8:$B$591,$V63,M$8:M$591) -> 126 | Z63: =SUM(X63:Y63) -> 471 | AB63: =COUNTIF(V$8:V$85,V63) -> 1
B64: Хадисова О.С. | G64: =SUM(K65:L67) -> 0 | M64: =SUM(Q65:R67) -> 216 | S64: =SUM(G64:Q64) -> 216 | U64: 57 | V64: Сююмбаева А.И. | W64: Нерв бол | X64: =SUMIF($B$8:$B$591,$V64,G$8:G$591) -> 166 | Y64: =SUMIF($B$8:$B$591,$V64,M$8:M$591) -> 249 | Z64: =SUM(X64:Y64) -> 415 | AB64: =COUNTIF(V$8:V$85,V64) -> 1
C65: 1 | D65: ЛД-31 | E65: 25 | F65: =IF(E65<15,1,IF(((E65>=15)*(E65<23)),2,3)) -> 3 | J65: =IF(H65=0,0,H65*$F65) -> 0 | K65: =SUM(I65:J65) -> 0 | N65: 27 | O65: =M65 -> 0 | P65: =IF(N65=0,0,N65*$F65) -> 81 | Q65: =SUM(O65:P65) -> 81 | S65: =SUM(K65:L65,Q65:R65) -> 81 | U65: 58 | V65: Токтогулова М. | W65: Терапия | X65: =SUMIF($B$8:$B$591,$V65,G$8:G$591) -> 177 | Y65: =SUMIF($B$8:$B$591,$V65,M$8:M$591) -> 288 | Z65: =SUM(X65:Y65) -> 465 | AB65: =COUNTIF(V$8:V$85,V65) -> 1
C66: 2 | D66: СД-31 | E66: 25 | F66: =IF(E66<15,1,IF(((E66>=15)*(E66<23)),2,3)) -> 3 | I66: =G66 -> 0 | J66: =IF(H66=0,0,H66*$F66) -> 0 | K66: =SUM(I66:J66) -> 0 | N66: 33 | O66: =M66 -> 0 | P66: =IF(N66=0,0,N66*$F66) -> 99 | Q66: =SUM(O66:P66) -> 99 | S66: =SUM(K66:L66,Q66:R66) -> 99 | U66: 59 | V66: Турсунбаева А. | W66: Кырг язык | X66: =SUMIF($B$8:$B$591,$V66,G$8:G$591) -> 0 | Y66: =SUMIF($B$8:$B$591,$V66,M$8:M$591) -> 162 | Z66: =SUM(X66:Y66) -> 162 | AB66: =COUNTIF(V$8:V$85,V66) -> 1
C67: 3 | D67: АД-31 | E67: 19 | F67: =IF(E67<15,1,IF(((E67>=15)*(E67<23)),2,3)) -> 2 | I67: =G67 -> 0 | J67: =IF(H67=0,0,H67*$F67) -> 0 | K67: =SUM(I67:J67) -> 0 | N67: 18 | O67: =M67 -> 0 | P67: =IF(N67=0,0,N67*$F67) -> 36 | Q67: =SUM(O67:P67) -> 36 | S67: =SUM(K67:L67,Q67:R67) -> 36 | U67: 60 | V67: Уметов И. | W67: НВМП | X67: =SUMIF($B$8:$B$591,$V67,G$8:G$591) -> 138 | Y67: =SUMIF($B$8:$B$591,$V67,M$8:M$591) -> 96 | Z67: =SUM(X67:Y67) -> 234 | AB67: =COUNTIF(V$8:V$85,V67) -> 1
B68: 5 | D68: Педиатрия | G68: =SUM(G69,G77,G83) -> 495 | M68: =SUM(M69,M77,M83) -> 648 | S68: =SUM(S69,S77,S83) -> 1143 | U68: 61 | V68: Ургайыпова Г. | W68: Реаниматология | X68: =SUMIF($B$8:$B$591,$V68,G$8:G$591) -> 84 | Y68: =SUMIF($B$8:$B$591,$V68,M$8:M$591) -> 0 | Z68: =SUM(X68:Y68) -> 84 | AB68: =COUNTIF(V$8:V$85,V68) -> 1
B69: Аширахманова Г.Б. | G69: =SUM(K70:L76) -> 66 | M69: =SUM(Q70:R76) -> 162 | S69: =SUM(G69:Q69) -> 228 | U69: 62 | V69: Хадисова О.С. | W69: Фармакология | X69: =SUMIF($B$8:$B$591,$V69,G$8:G$591) -> 0 | Y69: =SUMIF($B$8:$B$591,$V69,M$8:M$591) -> 216 | Z69: =SUM(X69:Y69) -> 216 | AB69: =COUNTIF(V$8:V$85,V69) -> 1
C70: 1 | D70: СД-21 | E70: 20 | F70: =IF(E70<15,1,IF(((E70>=15)*(E70<23)),2,3)) -> 2 | I70: =G70 -> 0 | J70: =IF(H70=0,0,H70*$F70) -> 0 | K70: =SUM(I70:J70) -> 0 | M70: 24 | O70: =M70 -> 24 | P70: =IF(N70=0,0,N70*$F70) -> 0 | Q70: =SUM(O70:P70) -> 24 | S70: =SUM(K70:L70,Q70:R70) -> 24 | U70: 63 | V70: Хапизова А. | W70: Дермат | X70: =SUMIF($B$8:$B$591,$V70,G$8:G$591) -> 162 | Y70: =SUMIF($B$8:$B$591,$V70,M$8:M$591) -> 60 | Z70: =SUM(X70:Y70) -> 222 | AB70: =COUNTIF(V$8:V$85,V70) -> 1
C71: 2 | D71: ЛД-21 | E71: 25 | F71: =IF(E71<15,1,IF(((E71>=15)*(E71<23)),2,3)) -> 3 | I71: =G71 -> 0 | J71: =IF(H71=0,0,H71*$F71) -> 0 | K71: =SUM(I71:J71) -> 0 | M71: 24 | O71: =M71 -> 24 | P71: =IF(N71=0,0,N71*$F71) -> 0 | Q71: =SUM(O71:P71) -> 24 | S71: =SUM(K71:L71,Q71:R71) -> 24 | U71: 64 | V71: Шертаева Н. | W71: Психология | X71: =SUMIF($B$8:$B$591,$V71,G$8:G$591) -> 54 | Y71: =SUMIF($B$8:$B$591,$V71,M$8:M$591) -> 0 | Z71: =SUM(X71:Y71) -> 54 | AB71: =COUNTIF(V$8:V$85,V71) -> 1
C72: 3 | D72: АД-21 | E72: 13 | F72: =IF(E72<15,1,IF(((E72>=15)*(E72<23)),2,3)) -> 1 | I72: =G72 -> 0 | J72: =IF(H72=0,0,H72*$F72) -> 0 | K72: =SUM(I72:J72) -> 0 | M72: 18 | N72: 42 | O72: =M72 -> 18 | P72: =IF(N72=0,0,N72*$F72) -> 42 | Q72: =SUM(O72:P72) -> 60 | R72: 12 | S72: =SUM(K72:L72,Q72:R72) -> 72 | U72: 65 | V72: Эрмеева А. | W72: Акушерство | X72: =SUMIF($B$8:$B$591,$V72,G$8:G$591) -> 42 | Y72: =SUMIF($B$8:$B$591,$V72,M$8:M$591) -> 52 | Z72: =SUM(X72:Y72) -> 94 | AB72: =COUNTIF(V$8:V$85,V72) -> 1
C73: 4 | D73: ЛД-31 | E73: 25 | F73: =IF(E73<15,1,IF(((E73>=15)*(E73<23)),2,3)) -> 3 | G73: 24 | I73: =G73 -> 24 | J73: =IF(H73=0,0,H73*$F73) -> 0 | K73: =SUM(I73:J73) -> 24 | M73: 18 | O73: =M73 -> 18 | P73: =IF(N73=0,0,N73*$F73) -> 0 | Q73: =SUM(O73:P73) -> 18 | S73: =SUM(K73:L73,Q73:R73) -> 42 | U73: 66 | V73: Эсаналиева Ч. | W73: Мет кл лаб иссл | X73: =SUMIF($B$8:$B$591,$V73,G$8:G$591) -> 54 | Y73: =SUMIF($B$8:$B$591,$V73,M$8:M$591) -> 54 | Z73: =SUM(X73:Y73) -> 108 | AB73: =COUNTIF(V$8:V$85,V73) -> 1
C74: 5 | D74: СД-31 | E74: 25 | F74: =IF(E74<15,1,IF(((E74>=15)*(E74<23)),2,3)) -> 3 | G74: 12 | I74: =G74 -> 12 | J74: =IF(H74=0,0,H74*$F74) -> 0 | K74: =SUM(I74:J74) -> 12 | M74: 12 | O74: =M74 -> 12 | P74: =IF(N74=0,0,N74*$F74) -> 0 | Q74: =SUM(O74:P74) -> 12 | S74: =SUM(K74:L74,Q74:R74) -> 24 | U74: 67 | V74: Эсенгелдиева М. | W74: Физвоспитание | X74: =SUMIF($B$8:$B$591,$V74,G$8:G$591) -> 166 | Y74: =SUMIF($B$8:$B$591,$V74,M$8:M$591) -> 152 | Z74: =SUM(X74:Y74) -> 318 | AB74: =COUNTIF(V$8:V$85,V74) -> 1
C75: 6 | D75: АД-31 | E75: 19 | F75: =IF(E75<15,1,IF(((E75>=15)*(E75<23)),2,3)) -> 2 | G75: 12 | I75: =G75 -> 12 | J75: =IF(H75=0,0,H75*$F75) -> 0 | K75: =SUM(I75:J75) -> 12 | M75: 12 | O75: =M75 -> 12 | P75: =IF(N75=0,0,N75*$F75) -> 0 | Q75: =SUM(O75:P75) -> 12 | S75: =SUM(K75:L75,Q75:R75) -> 24 | U75: 68 | V75: Янхаева З. | W75: Терапия | X75: =SUMIF($B$8:$B$591,$V75,G$8:G$591) -> 351 | Y75: =SUMIF($B$8:$B$591,$V75,M$8:M$591) -> 0 | Z75: =SUM(X75:Y75) -> 351 | AB75: =COUNTIF(V$8:V$85,V75) -> 1
C76: 7 | D76: ЛД-41 | E76: 25 | F76: =IF(E76<15,1,IF(((E76>=15)*(E76<23)),2,3)) -> 3 | G76: 18 | I76: =G76 -> 18 | J76: =IF(H76=0,0,H76*$F76) -> 0 | K76: =SUM(I76:J76) -> 18 | O76: =M76 -> 0 | P76: =IF(N76=0,0,N76*$F76) -> 0 | Q76: =SUM(O76:P76) -> 0 | S76: =SUM(K76:L76,Q76:R76) -> 18 | U76: 69 | V76: Янхаева Я. | W76: ОСД | X76: =SUMIF($B$8:$B$591,$V76,G$8:G$591) -> 76 | Y76: =SUMIF($B$8:$B$591,$V76,M$8:M$591) -> 12 | Z76: =SUM(X76:Y76) -> 88 | AB76: =COUNTIF(V$8:V$85,V76) -> 1
B77: Осмоналиева М. | G77: =SUM(K78:L82) -> 252 | M77: =SUM(Q78:R82) -> 309 | S77: =SUM(G77:Q77) -> 561
C78: 1 | D78: ЛД-41 | E78: 25 | F78: =IF(E78<15,1,IF(((E78>=15)*(E78<23)),2,3)) -> 3 | H78: 36 | I78: =G78 -> 0 | J78: =IF(H78=0,0,H78*$F78) -> 108 | K78: =SUM(I78:J78) -> 108 | L78: 12 | O78: =M78 -> 0 | P78: =IF(N78=0,0,N78*$F78) -> 0 | Q78: =SUM(O78:P78) -> 0 | S78: =SUM(K78:L78,Q78:R78) -> 120
C79: 3 | D79: ЛД-21 | E79: 25 | F79: =IF(E79<15,1,IF(((E79>=15)*(E79<23)),2,3)) -> 3 | I79: =G79 -> 0 | J79: =IF(H79=0,0,H79*$F79) -> 0 | K79: =SUM(I79:J79) -> 0 | N79: 36 | O79: =M79 -> 0 | P79: =IF(N79=0,0,N79*$F79) -> 108 | Q79: =SUM(O79:P79) -> 108 | R79: 12 | S79: =SUM(K79:L79,Q79:R79) -> 120
C80: 1 | D80: СД-21 | E80: 20 | F80: =IF(E80<15,1,IF(((E80>=15)*(E80<23)),2,3)) -> 2 | I80: =G80 -> 0 | J80: =IF(H80=0,0,H80*$F80) -> 0 | K80: =SUM(I80:J80) -> 0 | N80: 36 | O80: =M80 -> 0 | P80: =IF(N80=0,0,N80*$F80) -> 72 | Q80: =SUM(O80:P80) -> 72 | R80: 12 | S80: =SUM(K80:L80,Q80:R80) -> 84
C81: 2 | D81: СД-31 | E81: 25 | F81: =IF(E81<15,1,IF(((E81>=15)*(E81<23)),2,3)) -> 3 | I81: =G81 -> 0 | J81: =IF(H81=0,0,H81*$F81) -> 0 | K81: =SUM(I81:J81) -> 0 | L81: 12 | O81: =M81 -> 0 | P81: =IF(N81=0,0,N81*$F81) -> 0 | Q81: =SUM(O81:P81) -> 0 | R81: 12 | S81: =SUM(K81:L81,Q81:R81) -> 24 | X81: =SUM(X8:X76) -> 9252 | Y81: =SUM(Y8:Y76) -> 7561 | Z81: =SUM(Z8:Z76) -> 16813
C82: 2 | D82: ЛД-31 | E82: 25 | F82: =IF(E82<15,1,IF(((E82>=15)*(E82<23)),2,3)) -> 3 | H82: 36 | I82: =G82 -> 0 | J82: =IF(H82=0,0,H82*$F82) -> 108 | K82: =SUM(I82:J82) -> 108 | L82: 12 | N82: 27 | O82: =M82 -> 0 | P82: =IF(N82=0,0,N82*$F82) -> 81 | Q82: =SUM(O82:P82) -> 81 | R82: 12 | S82: =SUM(K82:L82,Q82:R82) -> 213 | X82: =G429 -> 9252 | Y82: =M429 -> 7561 | Z82: =S429 -> 16813
B83: Токтогулова М. | G83: =SUM(K84:L85) -> 177 | M83: =SUM(Q84:R85) -> 177 | S83: =SUM(G83:Q83) -> 354
C84: 2 | D84: СД-31 | E84: 25 | F84: =IF(E84<15,1,IF(((E84>=15)*(E84<23)),2,3)) -> 3 | H84: 33 | I84: =G84 -> 0 | J84: =IF(H84=0,0,H84*$F84) -> 99 | K84: =SUM(I84:J84) -> 99 | N84: 33 | O84: =M84 -> 0 | P84: =IF(N84=0,0,N84*$F84) -> 99 | Q84: =SUM(O84:P84) -> 99 | S84: =SUM(K84:L84,Q84:R84) -> 198
C85: 3 | D85: АД-31 | E85: 19 | F85: =IF(E85<15,1,IF(((E85>=15)*(E85<23)),2,3)) -> 2 | H85: 33 | I85: =G85 -> 0 | J85: =IF(H85=0,0,H85*$F85) -> 66 | K85: =SUM(I85:J85) -> 66 | L85: 12 | N85: 33 | O85: =M85 -> 0 | P85: =IF(N85=0,0,N85*$F85) -> 66 | Q85: =SUM(O85:P85) -> 66 | R85: 12 | S85: =SUM(K85:L85,Q85:R85) -> 156
B86: 6 | D86: Акушерство | G86: =SUM(G87,G92,G94) -> 489 | M86: =SUM(M87,M92,M94) -> 341 | S86: =SUM(S87,S92,S94) -> 830
B87: Кубатова А. | G87: =SUM(K88:L91) -> 330 | M87: =SUM(Q88:R91) -> 208 | S87: =SUM(G87:Q87) -> 538
C88: 1 | D88: АД-21 | E88: 13 | F88: =IF(E88<15,1,IF(((E88>=15)*(E88<23)),2,3)) -> 1 | G88: 18 | I88: =G88 -> 18 | J88: =IF(H88=0,0,H88*$F88) -> 0 | K88: =SUM(I88:J88) -> 18 | L88: 12 | M88: 24 | O88: =M88 -> 24 | P88: =IF(N88=0,0,N88*$F88) -> 0 | Q88: =SUM(O88:P88) -> 24 | R88: 12 | S88: =SUM(K88:L88,Q88:R88) -> 66
C89: 2 | D89: АД-31 | E89: 19 | F89: =IF(E89<15,1,IF(((E89>=15)*(E89<23)),2,3)) -> 2 | G89: 18 | H89: 42 | I89: =G89 -> 18 | J89: =IF(H89=0,0,H89*$F89) -> 84 | K89: =SUM(I89:J89) -> 102 | L89: 12 | M89: 22 | N89: 54 | O89: =M89 -> 22 | P89: =IF(N89=0,0,N89*$F89) -> 108 | Q89: =SUM(O89:P89) -> 130 | R89: 12 | S89: =SUM(K89:L89,Q89:R89) -> 256
C90: 3 | D90: ЛД-21 | E90: 25 | F90: =IF(E90<15,1,IF(((E90>=15)*(E90<23)),2,3)) -> 3 | G90: 36 | I90: =G90 -> 36 | J90: =IF(H90=0,0,H90*$F90) -> 0 | K90: =SUM(I90:J90) -> 36 | L90: 12 | M90: 18 | O90: =M90 -> 18 | P90: =IF(N90=0,0,N90*$F90) -> 0 | Q90: =SUM(O90:P90) -> 18 | R90: 12 | S90: =SUM(K90:L90,Q90:R90) -> 78
C91: 4 | D91: СД-21 | E91: 20 | F91: =IF(E91<15,1,IF(((E91>=15)*(E91<23)),2,3)) -> 2 | G91: 24 | H91: 51 | I91: =G91 -> 24 | J91: =IF(H91=0,0,H91*$F91) -> 102 | K91: =SUM(I91:J91) -> 126 | L91: 12 | O91: =M91 -> 0 | P91: =IF(N91=0,0,N91*$F91) -> 0 | Q91: =SUM(O91:P91) -> 0 | S91: =SUM(K91:L91,Q91:R91) -> 138
B92: Эрмеева А. | G92: =SUM(K93:L93) -> 42 | M92: =SUM(Q93:R93) -> 52 | S92: =SUM(G92:Q92) -> 94
C93: 1 | D93: АД-21 | E93: 13 | F93: =IF(E93<15,1,IF(((E93>=15)*(E93<23)),2,3)) -> 1 | H93: 42 | I93: =G93 -> 0 | J93: =IF(H93=0,0,H93*$F93) -> 42 | K93: =SUM(I93:J93) -> 42 | N93: 52 | O93: =M93 -> 0 | P93: =IF(N93=0,0,N93*$F93) -> 52 | Q93: =SUM(O93:P93) -> 52 | S93: =SUM(K93:L93,Q93:R93) -> 94
B94: Джолдошева Д.Э. | G94: =SUM(K95:L95) -> 117 | M94: =SUM(Q95:R95) -> 81 | S94: =SUM(G94:Q94) -> 198
C95: 1 | D95: ЛД-21 | E95: 25 | F95: =IF(E95<15,1,IF(((E95>=15)*(E95<23)),2,3)) -> 3 | H95: 39 | I95: =G95 -> 0 | J95: =IF(H95=0,0,H95*$F95) -> 117 | K95: =SUM(I95:J95) -> 117 | N95: 27 | O95: =M95 -> 0 | P95: =IF(N95=0,0,N95*$F95) -> 81 | Q95: =SUM(O95:P95) -> 81 | S95: =SUM(K95:L95,Q95:R95) -> 198
B96: 7 | D96: Гинекология | G96: =SUM(G97,G100) -> 90 | M96: =SUM(M97,M100) -> 72 | S96: =SUM(S97,S100) -> 162
B97: Кубатова А. | G97: =SUM(K98:L99) -> 90 | M97: =SUM(Q98:R99) -> 30 | S97: =SUM(G97:Q97) -> 120
C98: 1 | D98: АД-21 | E98: 13 | F98: =IF(E98<15,1,IF(((E98>=15)*(E98<23)),2,3)) -> 1 | I98: =G98 -> 0 | J98: =IF(H98=0,0,H98*$F98) -> 0 | K98: =SUM(I98:J98) -> 0 | M98: 18 | O98: =M98 -> 18 | P98: =IF(N98=0,0,N98*$F98) -> 0 | Q98: =SUM(O98:P98) -> 18 | R98: 12 | S98: =SUM(K98:L98,Q98:R98) -> 30
C99: 2 | D99: АД-31 | E99: 19 | F99: =IF(E99<15,1,IF(((E99>=15)*(E99<23)),2,3)) -> 2 | G99: 12 | H99: 33 | I99: =G99 -> 12 | J99: =IF(H99=0,0,H99*$F99) -> 66 | K99: =SUM(I99:J99) -> 78 | L99: 12 | O99: =M99 -> 0 | P99: =IF(N99=0,0,N99*$F99) -> 0 | Q99: =SUM(O99:P99) -> 0 | S99: =SUM(K99:L99,Q99:R99) -> 90
B100: Акматова Ж. | G100: =SUM(K101:L101) -> 0 | M100: =SUM(Q101:R102) -> 42 | S100: =SUM(G100:Q100) -> 42
C101: 1 | D101: АД-21 | E101: 13 | F101: =IF(E101<15,1,IF(((E101>=15)*(E101<23)),2,3)) -> 1 | I101: =G101 -> 0 | J101: =IF(H101=0,0,H101*$F101) -> 0 | K101: =SUM(I101:J101) -> 0 | N101: 42 | O101: =M101 -> 0 | P101: =IF(N101=0,0,N101*$F101) -> 42 | Q101: =SUM(O101:P101) -> 42 | S101: =SUM(K101:L101,Q101:R101) -> 42
B102: 8 | D102: Инфекционные болезни | G102: =SUM(G103,G107) -> 286 | M102: =SUM(M103,M107) -> 249 | S102: =SUM(S103,S107) -> 535
...

Sheet Контракт
B2: Годовая нагрузка преподавателей | U2: Годовая нагрузка преподавателей
B3: на 2025-2026 учебный год (контракт) | U3: на 2025-2026 учебный год (контракт)
B5: Ф.И.О. | D5: Группа | E5: Кол-во ст. | F5: Подг | G5: Нагрузка | I5: Кол-во часов I полугодие | M5: Нагрузка | O5: Кол-во часов II полугодие | S5: Всего за учебный год | U5: № | V5: Ф.И.О. | W5: Предмет | X5: Количество часов
G6: Лек. | H6: Практ., семин., лаб. | I6: Лек. | J6: Практ., семин., лаб. | K6: Итого | L6: Тест | M6: Лек. | N6: Практ., семин., лаб. | O6: Лек. | P6: Практ., семин., лаб. | Q6: Итого | R6: Тест | X6: Итого за I полугоде | Y6: Итого за II полугоде | Z6: Всего за учебный год
B7: № | G7: I полугодие | M7: II полугодие | AB7: Кол-во
B8: 1 | D8: Хирургия | G8: =SUM(G9,G18,G22,G24,G27,G34) -> 657 | M8: =SUM(M9,M18,M22,M24,M27,M34) -> 795 | S8: =SUM(S9,S18,S22,S24,S27,S34) -> 1452 | U8: 1 | V8: Абдиева Ж. | W8: ОСД | X8: =SUMIF($B$9:$B$884,$V8,G$9:G$884) -> 40 | Y8: =SUMIF($B$9:$B$884,$V8,M$9:M$884) -> 42 | Z8: =SUM(X8:Y8) -> 82 | AB8: =COUNTIF(V$8:V$99,V8) -> 1
B9: Жакыпбеков К.Ш. | G9: =SUM(K10:L17) -> 297 | M9: =SUM(Q10:R17) -> 54 | S9: =SUM(G9:Q9) -> 351 | U9: 2 | V9: Абдрахманова Ж. | W9: Инф контроль | X9: =SUMIF($B$9:$B$884,$V9,G$9:G$884) -> 84 | Y9: =SUMIF($B$9:$B$884,$V9,M$9:M$884) -> 0 | Z9: =SUM(X9:Y9) -> 84 | AB9: =COUNTIF(V$8:V$99,V9) -> 1
C10: 1 | D10: КСД-21 | E10: 24 | F10: =IF(E10<15,1,IF(((E10>=15)*(E10<23)),2,3)) -> 3 | I10: =G10 -> 0 | J10: =IF(H10=0,0,H10*$F10) -> 0 | K10: =SUM(I10:J10) -> 0 | M10: 18 | O10: =M10 -> 18 | P10: =IF(N10=0,0,N10*$F10) -> 0 | Q10: =SUM(O10:P10) -> 18 | S10: =SUM(K10:L10,Q10:R10) -> 18 | U10: 3 | V10: Абдуллаева М.Н. | W10: Инф контроль | X10: =SUMIF($B$9:$B$884,$V10,G$9:G$884) -> 24 | Y10: =SUMIF($B$9:$B$884,$V10,M$9:M$884) -> 66 | Z10: =SUM(X10:Y10) -> 90 | AB10: =COUNTIF(V$8:V$99,V10) -> 1
C11: 2 | D11: КСД-31 | E11: 23 | F11: =IF(E11<15,1,IF(((E11>=15)*(E11<23)),2,3)) -> 3 | G11: 12 | H11: 33 | I11: =G11 -> 12 | J11: =IF(H11=0,0,H11*$F11) -> 99 | K11: =SUM(I11:J11) -> 111 | L11: 12 | O11: =M11 -> 0 | P11: =IF(N11=0,0,N11*$F11) -> 0 | Q11: =SUM(O11:P11) -> 0 | S11: =SUM(K11:L11,Q11:R11) -> 123 | U11: 4 | V11: Абдуллаева М.Н. ШТ | W11: ОСД | X11: =SUMIF($B$9:$B$884,$V11,G$9:G$884) -> 150 | Y11: =SUMIF($B$9:$B$884,$V11,M$9:M$884) -> 30 | Z11: =SUM(X11:Y11) -> 180 | AB11: =COUNTIF(V$8:V$99,V11) -> 1
C12: 2 | D12: КСД-31 | E12: 19 | F12: =IF(E12<15,1,IF(((E12>=15)*(E12<23)),2,3)) -> 2 | I12: =G12 -> 0 | J12: =IF(H12=0,0,H12*$F12) -> 0 | K12: =SUM(I12:J12) -> 0 | M12: 12 | O12: =M12 -> 12 | P12: =IF(N12=0,0,N12*$F12) -> 0 | Q12: =SUM(O12:P12) -> 12 | S12: =SUM(K12:L12,Q12:R12) -> 12 | U12: 5 | V12: Абдыкеримова А.Н. | W12: Фрам химия | X12: =SUMIF($B$9:$B$884,$V12,G$9:G$884) -> 30 | Y12: =SUMIF($B$9:$B$884,$V12,M$9:M$884) -> 400 | Z12: =SUM(X12:Y12) -> 430 | AB12: =COUNTIF(V$8:V$99,V12) -> 1
C13: 2 | D13: КСД-32 | E13: 20 | F13: =IF(E13<15,1,IF(((E13>=15)*(E13<23)),2,3)) -> 2 | H13: 33 | I13: =G13 -> 0 | J13: =IF(H13=0,0,H13*$F13) -> 66 | K13: =SUM(I13:J13) -> 66 | L13: 12 | O13: =M13 -> 0 | P13: =IF(N13=0,0,N13*$F13) -> 0 | Q13: =SUM(O13:P13) -> 0 | S13: =SUM(K13:L13,Q13:R13) -> 78 | U13: 6 | V13: Абдыкеримова К. | W13: Основы реабилитации (физиотерапия) | X13: =SUMIF($B$9:$B$884,$V13,G$9:G$884) -> 303 | Y13: =SUMIF($B$9:$B$884,$V13,M$9:M$884) -> 0 | Z13: =SUM(X13:Y13) -> 303 | AB13: =COUNTIF(V$8:V$99,V13) -> 1
C14: 3 | D14: КЛД-31 | E14: 27 | F14: =IF(E14<15,1,IF(((E14>=15)*(E14<23)),2,3)) -> 3 | G14: 24 | I14: =G14 -> 24 | J14: =IF(H14=0,0,H14*$F14) -> 0 | K14: =SUM(I14:J14) -> 24 | M14: 12 | O14: =M14 -> 12 | P14: =IF(N14=0,0,N14*$F14) -> 0 | Q14: =SUM(O14:P14) -> 12 | S14: =SUM(K14:L14,Q14:R14) -> 36 | U14: 7 | V14: Азизова Н. | W14: СМ | X14: =SUMIF($B$9:$B$884,$V14,G$9:G$884) -> 312 | Y14: =SUMIF($B$9:$B$884,$V14,M$9:M$884) -> 369 | Z14: =SUM(X14:Y14) -> 681 | AB14: =COUNTIF(V$8:V$99,V14) -> 1
C15: 4 | D15: КЛД-41 | E15: 29 | F15: =IF(E15<15,1,IF(((E15>=15)*(E15<23)),2,3)) -> 3 | G15: 18 | I15: =G15 -> 18 | J15: =IF(H15=0,0,H15*$F15) -> 0 | K15: =SUM(I15:J15) -> 18 | O15: =M15 -> 0 | P15: =IF(N15=0,0,N15*$F15) -> 0 | Q15: =SUM(O15:P15) -> 0 | S15: =SUM(K15:L15,Q15:R15) -> 18 | U15: 8 | V15: Айбашева А. | W15: СМ | X15: =SUMIF($B$9:$B$884,$V15,G$9:G$884) -> 120 | Y15: =SUMIF($B$9:$B$884,$V15,M$9:M$884) -> 0 | Z15: =SUM(X15:Y15) -> 120 | AB15: =COUNTIF(V$8:V$99,V15) -> 1
C16: 5 | D16: КЛД-21 | E16: 17 | F16: 1 | I16: =G16 -> 0 | J16: =IF(H16=0,0,H16*$F16) -> 0 | K16: =SUM(I16:J16) -> 0 | M16: 12 | O16: =M16 -> 12 | P16: =IF(N16=0,0,N16*$F16) -> 0 | Q16: =SUM(O16:P16) -> 12 | S16: =SUM(K16:L16,Q16:R16) -> 12 | U16: 9 | V16: Акимканова А. | W16: ОСД | X16: =SUMIF($B$9:$B$884,$V16,G$9:G$884) -> 30 | Y16: =SUMIF($B$9:$B$884,$V16,M$9:M$884) -> 0 | Z16: =SUM(X16:Y16) -> 30 | AB16: =COUNTIF(V$8:V$99,V16) -> 1
C17: 1 | D17: КАД-21 | E17: 7 | F17: =IF(E17<15,1,IF(((E17>=15)*(E17<23)),2,3)) -> 1 | H17: 42 | I17: =G17 -> 0 | J17: =IF(H17=0,0,H17*$F17) -> 42 | K17: =SUM(I17:J17) -> 42 | L17: 12 | O17: =M17 -> 0 | P17: =IF(N17=0,0,N17*$F17) -> 0 | Q17: =SUM(O17:P17) -> 0 | S17: =SUM(K17:L17,Q17:R17) -> 54 | U17: 10 | V17: Акматов У.О. | W17: Зуботех матер | X17: =SUMIF($B$9:$B$884,$V17,G$9:G$884) -> 554 | Y17: =SUMIF($B$9:$B$884,$V17,M$9:M$884) -> 468 | Z17: =SUM(X17:Y17) -> 1022 | AB17: =COUNTIF(V$8:V$99,V17) -> 1
B18: Акунова Ч. ВНЕШТ | G18: =SUM(K19:L21) -> 0 | M18: =SUM(Q19:R21) -> 156 | S18: =SUM(G18:Q18) -> 156 | U18: 11 | V18: Акматова Ж. | W18: Гинекология | X18: =SUMIF($B$9:$B$884,$V18,G$9:G$884) -> 33 | Y18: =SUMIF($B$9:$B$884,$V18,M$9:M$884) -> 0 | Z18: =SUM(X18:Y18) -> 33 | AB18: =COUNTIF(V$8:V$99,V18) -> 1
C19: 1 | D19: КАД-21 | E19: 7 | F19: =IF(E19<15,1,IF(((E19>=15)*(E19<23)),2,3)) -> 1 | I19: =G19 -> 0 | J19: =IF(H19=0,0,H19*$F19) -> 0 | K19: =SUM(I19:J19) -> 0 | N19: 33 | O19: =M19 -> 0 | P19: =IF(N19=0,0,N19*$F19) -> 33 | Q19: =SUM(O19:P19) -> 33 | R19: 12 | S19: =SUM(K19:L19,Q19:R19) -> 45 | U19: 12 | V19: Акунова Ч. | W19: Инф контроль | X19: =SUMIF($B$9:$B$884,$V19,G$9:G$884) -> 89 | Y19: =SUMIF($B$9:$B$884,$V19,M$9:M$884) -> 0 | Z19: =SUM(X19:Y19) -> 89 | AB19: =COUNTIF(V$8:V$99,V19) -> 1
C20: 3 | D20: КЛД-21 | E20: 17 | F20: 1 | I20: =G20 -> 0 | J20: =IF(H20=0,0,H20*$F20) -> 0 | K20: =SUM(I20:J20) -> 0 | N20: 27 | O20: =M20 -> 0 | P20: =IF(N20=0,0,N20*$F20) -> 27 | Q20: =SUM(O20:P20) -> 27 | R20: 6 | S20: =SUM(K20:L20,Q20:R20) -> 33 | U20: 13 | V20: Акунова Ч. ВНЕШТ | W20: ОСД | X20: =SUMIF($B$9:$B$884,$V20,G$9:G$884) -> 0 | Y20: =SUMIF($B$9:$B$884,$V20,M$9:M$884) -> 156 | Z20: =SUM(X20:Y20) -> 156 | AB20: =COUNTIF(V$8:V$99,V20) -> 1
C21: 2 | D21: КСД-32 | E21: 20 | F21: =IF(E21<15,1,IF(((E21>=15)*(E21<23)),2,3)) -> 2 | I21: =G21 -> 0 | J21: =IF(H21=0,0,H21*$F21) -> 0 | K21: =SUM(I21:J21) -> 0 | N21: 33 | O21: =M21 -> 0 | P21: =IF(N21=0,0,N21*$F21) -> 66 | Q21: =SUM(O21:P21) -> 66 | R21: 12 | S21: =SUM(K21:L21,Q21:R21) -> 78 | U21: 14 | V21: Алиева Х.О. | W21: Офтальмология | X21: =SUMIF($B$9:$B$884,$V21,G$9:G$884) -> 288 | Y21: =SUMIF($B$9:$B$884,$V21,M$9:M$884) -> 477 | Z21: =SUM(X21:Y21) -> 765 | AB21: =COUNTIF(V$8:V$99,V21) -> 1
B22: Янхаева З. | G22: =SUM(K23:L23) -> 120 | M22: =SUM(Q23:R23) -> 0 | S22: =SUM(G22:Q22) -> 120 | U22: 15 | V22: Аманатова А. | W22: Анг. Язык | X22: =SUMIF($B$9:$B$884,$V22,G$9:G$884) -> 408 | Y22: =SUMIF($B$9:$B$884,$V22,M$9:M$884) -> 374 | Z22: =SUM(X22:Y22) -> 782 | AB22: =COUNTIF(V$8:V$99,V22) -> 1
C23: 1 | D23: КЛД-41 | E23: 29 | F23: =IF(E23<15,1,IF(((E23>=15)*(E23<23)),2,3)) -> 3 | H23: 36 | I23: =G23 -> 0 | J23: =IF(H23=0,0,H23*$F23) -> 108 | K23: =SUM(I23:J23) -> 108 | L23: 12 | O23: =M23 -> 0 | P23: =IF(N23=0,0,N23*$F23) -> 0 | Q23: =SUM(O23:P23) -> 0 | S23: =SUM(K23:L23,Q23:R23) -> 120 | U23: 16 | V23: Аманкелдиева А. | W23: Терапия | X23: =SUMIF($B$9:$B$884,$V23,G$9:G$884) -> 93 | Y23: =SUMIF($B$9:$B$884,$V23,M$9:M$884) -> 93 | Z23: =SUM(X23:Y23) -> 186 | AB23: =COUNTIF(V$8:V$99,V23) -> 1
B24: Замирбекова К. | G24: =SUM(K25:L26) -> 0 | M24: =SUM(Q25:R26) -> 18 | S24: =SUM(G24:Q24) -> 18 | U24: 17 | V24: Андосова Э. | W24: ОСД | X24: =SUMIF($B$9:$B$884,$V24,G$9:G$884) -> 4 | Y24: =SUMIF($B$9:$B$884,$V24,M$9:M$884) -> 0 | Z24: =SUM(X24:Y24) -> 4 | AB24: =COUNTIF(V$8:V$99,V24) -> 1
C25: 3 | D25: КЛД-22 | E25: 18 | F25: =IF(E25<15,1,IF(((E25>=15)*(E25<23)),2,3)) -> 2 | I25: =G25 -> 0 | J25: =IF(H25=0,0,H25*$F25) -> 0 | K25: =SUM(I25:J25) -> 0 | O25: =M25 -> 0 | P25: =IF(N25=0,0,N25*$F25) -> 0 | Q25: =SUM(O25:P25) -> 0 | R25: 12 | S25: =SUM(K25:L25,Q25:R25) -> 12 | U25: 18 | V25: Асаналиева Г. | X25: =SUMIF($B$9:$B$884,$V25,G$9:G$884) -> 0 | Y25: =SUMIF($B$9:$B$884,$V25,M$9:M$884) -> 168 | Z25: =SUM(X25:Y25) -> 168 | AB25: =COUNTIF(V$8:V$99,V25) -> 1
C26: 3 | D26: КЛД-21 | E26: 17 | F26: 1 | I26: =G26 -> 0 | J26: =IF(H26=0,0,H26*$F26) -> 0 | K26: =SUM(I26:J26) -> 0 | O26: =M26 -> 0 | P26: =IF(N26=0,0,N26*$F26) -> 0 | Q26: =SUM(O26:P26) -> 0 | R26: 6 | S26: =SUM(K26:L26,Q26:R26) -> 6 | U26: 19 | V26: Аскарбеков Б. | W26: НВМП | X26: =SUMIF($B$9:$B$884,$V26,G$9:G$884) -> 66 | Y26: =SUMIF($B$9:$B$884,$V26,M$9:M$884) -> 145 | Z26: =SUM(X26:Y26) -> 211 | AB26: =COUNTIF(V$8:V$99,V26) -> 1
B27: Дикамбаев М. | G27: =SUM(K28:L33) -> 0 | M27: =SUM(Q28:R33) -> 381 | S27: =SUM(G27:Q27) -> 381 | U27: 20 | V27: Асылбекова А. | W27: Акушерство | X27: =SUMIF($B$9:$B$884,$V27,G$9:G$884) -> 153 | Y27: =SUMIF($B$9:$B$884,$V27,M$9:M$884) -> 0 | Z27: =SUM(X27:Y27) -> 153 | AB27: =COUNTIF(V$8:V$99,V27) -> 1
C28: 2 | D28: КСД-31 | E28: 19 | F28: =IF(E28<15,1,IF(((E28>=15)*(E28<23)),2,3)) -> 2 | I28: =G28 -> 0 | J28: =IF(H28=0,0,H28*$F28) -> 0 | K28: =SUM(I28:J28) -> 0 | N28: 33 | O28: =M28 -> 0 | P28: =IF(N28=0,0,N28*$F28) -> 66 | Q28: =SUM(O28:P28) -> 66 | R28: 12 | S28: =SUM(K28:L28,Q28:R28) -> 78 | U28: 21 | V28: Аширахманова Г.Б. | W28: Педиатрия | X28: =SUMIF($B$9:$B$884,$V28,G$9:G$884) -> 54 | Y28: =SUMIF($B$9:$B$884,$V28,M$9:M$884) -> 78 | Z28: =SUM(X28:Y28) -> 132 | AB28: =COUNTIF(V$8:V$99,V28) -> 1
C29: 3 | D29: КЛД-31 | E29: 27 | F29: =IF(E29<15,1,IF(((E29>=15)*(E29<23)),2,3)) -> 3 | I29: =G29 -> 0 | J29: =IF(H29=0,0,H29*$F29) -> 0 | K29: =SUM(I29:J29) -> 0 | M29: 6 | O29: =M29 -> 6 | P29: =IF(N29=0,0,N29*$F29) -> 0 | Q29: =SUM(O29:P29) -> 6 | S29: =SUM(K29:L29,Q29:R29) -> 6 | U29: 22 | V29: Бейсенбиева А. | W29: Терапия | X29: =SUMIF($B$9:$B$884,$V29,G$9:G$884) -> 204 | Y29: =SUMIF($B$9:$B$884,$V29,M$9:M$884) -> 327 | Z29: =SUM(X29:Y29) -> 531 | AB29: =COUNTIF(V$8:V$99,V29) -> 1
C30: 3 | D30: КЛД-22 | E30: 18 | F30: =IF(E30<15,1,IF(((E30>=15)*(E30<23)),2,3)) -> 2 | I30: =G30 -> 0 | J30: =IF(H30=0,0,H30*$F30) -> 0 | K30: =SUM(I30:J30) -> 0 | N30: 27 | O30: =M30 -> 0 | P30: =IF(N30=0,0,N30*$F30) -> 54 | Q30: =SUM(O30:P30) -> 54 | S30: =SUM(K30:L30,Q30:R30) -> 54 | U30: 23 | V30: Бектурганова Н.Н. | W30: Фармакогнозия | X30: =SUMIF($B$9:$B$884,$V30,G$9:G$884) -> 510 | Y30: =SUMIF($B$9:$B$884,$V30,M$9:M$884) -> 570 | Z30: =SUM(X30:Y30) -> 1080 | AB30: =COUNTIF(V$8:V$99,V30) -> 1
C31: 3 | D31: КЛД-21 | E31: 17 | F31: 1 | I31: =G31 -> 0 | J31: =IF(H31=0,0,H31*$F31) -> 0 | K31: =SUM(I31:J31) -> 0 | M31: 6 | N31: 27 | O31: =M31 -> 6 | P31: =IF(N31=0,0,N31*$F31) -> 27 | Q31: =SUM(O31:P31) -> 33 | S31: =SUM(K31:L31,Q31:R31) -> 33 | U31: 24 | V31: Гениевская Н. | W31: Инф болезни | X31: =SUMIF($B$9:$B$884,$V31,G$9:G$884) -> 186 | Y31: =SUMIF($B$9:$B$884,$V31,M$9:M$884) -> 78 | Z31: =SUM(X31:Y31) -> 264 | AB31: =COUNTIF(V$8:V$99,V31) -> 1
C32: 1 | D32: КСД-21 | E32: 24 | F32: =IF(E32<15,1,IF(((E32>=15)*(E32<23)),2,3)) -> 3 | I32: =G32 -> 0 | J32: =IF(H32=0,0,H32*$F32) -> 0 | K32: =SUM(I32:J32) -> 0 | M32: 6 | N32: 36 | O32: =M32 -> 6 | P32: =IF(N32=0,0,N32*$F32) -> 108 | Q32: =SUM(O32:P32) -> 114 | R32: 12 | S32: =SUM(K32:L32,Q32:R32) -> 126 | U32: 25 | V32: Герасимчук А. | W32: ГиГТ | X32: =SUMIF($B$9:$B$884,$V32,G$9:G$884) -> 216 | Y32: =SUMIF($B$9:$B$884,$V32,M$9:M$884) -> 86 | Z32: =SUM(X32:Y32) -> 302 | AB32: =COUNTIF(V$8:V$99,V32) -> 1
C33: 2 | D33: КСД-22 | E33: 18 | F33: =IF(E33<15,1,IF(((E33>=15)*(E33<23)),2,3)) -> 2 | I33: =G33 -> 0 | J33: =IF(H33=0,0,H33*$F33) -> 0 | K33: =SUM(I33:J33) -> 0 | N33: 36 | O33: =M33 -> 0 | P33: =IF(N33=0,0,N33*$F33) -> 72 | Q33: =SUM(O33:P33) -> 72 | R33: 12 | S33: =SUM(K33:L33,Q33:R33) -> 84 | U33: 26 | V33: Дженбекова А. | W33: ПОПД | X33: =SUMIF($B$9:$B$884,$V33,G$9:G$884) -> 383 | Y33: =SUMIF($B$9:$B$884,$V33,M$9:M$884) -> 390 | Z33: =SUM(X33:Y33) -> 773 | AB33: =COUNTIF(V$8:V$99,V33) -> 1
B34: Кучерова В. | G34: =SUM(K35:L36) -> 240 | M34: =SUM(Q35:R36) -> 186 | S34: =SUM(G34:Q34) -> 426 | U34: 27 | V34: Джолдошева Д.Э. | W34: Акушерство | X34: =SUMIF($B$9:$B$884,$V34,G$9:G$884) -> 117 | Y34: =SUMIF($B$9:$B$884,$V34,M$9:M$884) -> 54 | Z34: =SUM(X34:Y34) -> 171 | AB34: =COUNTIF(V$8:V$99,V34) -> 1
C35: 1 | D35: КЛД-31 | E35: 27 | F35: =IF(E35<15,1,IF(((E35>=15)*(E35<23)),2,3)) -> 3 | H35: 36 | J35: =IF(H35=0,0,H35*$F35) -> 108 | K35: =SUM(I35:J35) -> 108 | L35: 12 | N35: 27 | P35: =IF(N35=0,0,N35*$F35) -> 81 | Q35: =SUM(O35:P35) -> 81 | R35: 12 | S35: =SUM(K35:L35,Q35:R35) -> 213 | U35: 28 | V35: Джумабекова Н. | W35: Акушерство | X35: =SUMIF($B$9:$B$884,$V35,G$9:G$884) -> 42 | Y35: =SUMIF($B$9:$B$884,$V35,M$9:M$884) -> 54 | Z35: =SUM(X35:Y35) -> 96 | AB35: =COUNTIF(V$8:V$99,V35) -> 1
C36: 1 | D36: КЛД-32 | E36: 28 | F36: =IF(E36<15,1,IF(((E36>=15)*(E36<23)),2,3)) -> 3 | H36: 36 | J36: =IF(H36=0,0,H36*$F36) -> 108 | K36: =SUM(I36:J36) -> 108 | L36: 12 | N36: 27 | P36: =IF(N36=0,0,N36*$F36) -> 81 | Q36: =SUM(O36:P36) -> 81 | R36: 12 | S36: =SUM(K36:L36,Q36:R36) -> 213 | U36: 29 | V36: Дикамбаев М. | W36: Хирургия | X36: =SUMIF($B$9:$B$884,$V36,G$9:G$884) -> 0 | Y36: =SUMIF($B$9:$B$884,$V36,M$9:M$884) -> 393 | Z36: =SUM(X36:Y36) -> 393 | AB36: =COUNTIF(V$8:V$99,V36) -> 1
B37: 2 | D37: Терапия | G37: =SUM(G38,G44,G50,G52,G55,G57,G60,G63) -> 762 | M37: =SUM(M38,M44,M50,M52,M55,M57,M60,M63) -> 861 | S37: =SUM(S38,S44,S50,S52,S55,S57,S60,S63) -> 1623 | U37: 30 | V37: Жакыпбеков К.Ш. | W37: Хирургия | X37: =SUMIF($B$9:$B$884,$V37,G$9:G$884) -> 393 | Y37: =SUMIF($B$9:$B$884,$V37,M$9:M$884) -> 54 | Z37: =SUM(X37:Y37) -> 447 | AB37: =COUNTIF(V$8:V$99,V37) -> 1
B38: Янхаева З. | G38: =SUM(K39:L43) -> 189 | M38: =SUM(Q39:R43) -> 0 | S38: =SUM(G38:Q38) -> 189 | U38: 31 | V38: Жамангараева Ж.С. | W38: Педиатрия | X38: =SUMIF($B$9:$B$884,$V38,G$9:G$884) -> 192 | Y38: =SUMIF($B$9:$B$884,$V38,M$9:M$884) -> 132 | Z38: =SUM(X38:Y38) -> 324 | AB38: =COUNTIF(V$8:V$99,V38) -> 1
C39: 1 | D39: КЛД-21 | E39: 30 | F39: =IF(E39<15,1,IF(((E39>=15)*(E39<23)),2,3)) -> 3 | G39: 36 | I39: =G39 -> 36 | J39: =IF(H39=0,0,H39*$F39) -> 0 | K39: =SUM(I39:J39) -> 36 | O39: =M39 -> 0 | P39: =IF(N39=0,0,N39*$F39) -> 0 | Q39: =SUM(O39:P39) -> 0 | S39: =SUM(K39:L39,Q39:R39) -> 36 | U39: 32 | V39: Желденбаева Г. | W39: Кырг язык | X39: =SUMIF($B$9:$B$884,$V39,G$9:G$884) -> 304 | Y39: =SUMIF($B$9:$B$884,$V39,M$9:M$884) -> 312 | Z39: =SUM(X39:Y39) -> 616 | AB39: =COUNTIF(V$8:V$99,V39) -> 1
C40: 2 | D40: КСД-31 | E40: 23 | F40: =IF(E40<15,1,IF(((E40>=15)*(E40<23)),2,3)) -> 3 | G40: 12 | H40: 33 | I40: =G40 -> 12 | J40: =IF(H40=0,0,H40*$F40) -> 99 | K40: =SUM(I40:J40) -> 111 | L40: 6 | O40: =M40 -> 0 | P40: =IF(N40=0,0,N40*$F40) -> 0 | Q40: =SUM(O40:P40) -> 0 | S40: =SUM(K40:L40,Q40:R40) -> 117 | U40: 33 | V40: Жидебаева Н.Т. | W40: ОСД | X40: =SUMIF($B$9:$B$884,$V40,G$9:G$884) -> 293 | Y40: =SUMIF($B$9:$B$884,$V40,M$9:M$884) -> 218 | Z40: =SUM(X40:Y40) -> 511 | AB40: =COUNTIF(V$8:V$99,V40) -> 1
C41: 3 | D41: КЛД-41 | E41: 29 | F41: =IF(E41<15,1,IF(((E41>=15)*(E41<23)),2,3)) -> 3 | G41: 18 | I41: =G41 -> 18 | J41: =IF(H41=0,0,H41*$F41) -> 0 | K41: =SUM(I41:J41) -> 18 | O41: =M41 -> 0 | P41: =IF(N41=0,0,N41*$F41) -> 0 | Q41: =SUM(O41:P41) -> 0 | S41: =SUM(K41:L41,Q41:R41) -> 18 | U41: 34 | V41: Жыргалбек к. К. | W41: ОЭФ | X41: =SUMIF($B$9:$B$884,$V41,G$9:G$884) -> 540 | Y41: =SUMIF($B$9:$B$884,$V41,M$9:M$884) -> 540 | Z41: =SUM(X41:Y41) -> 1080 | AB41: =COUNTIF(V$8:V$99,V41) -> 1
C42: 4 | D42: КСД-21 | E42: 24 | F42: =IF(E42<15,1,IF(((E42>=15)*(E42<23)),2,3)) -> 3 | I42: =G42 -> 0 | J42: =IF(H42=0,0,H42*$F42) -> 0 | K42: =SUM(I42:J42) -> 0 | O42: =M42 -> 0 | P42: =IF(N42=0,0,N42*$F42) -> 0 | Q42: =SUM(O42:P42) -> 0 | S42: =SUM(K42:L42,Q42:R42) -> 0 | U42: 35 | V42: Замирбекова К. | W42: ОСД | X42: =SUMIF($B$9:$B$884,$V42,G$9:G$884) -> 447 | Y42: =SUMIF($B$9:$B$884,$V42,M$9:M$884) -> 306 | Z42: =SUM(X42:Y42) -> 753 | AB42: =COUNTIF(V$8:V$99,V42) -> 1
C43: 5 | D43: КЛД-31 | E43: 27 | F43: =IF(E43<15,1,IF(((E43>=15)*(E43<23)),2,3)) -> 3 | G43: 18 | I43: =G43 -> 18 | J43: =IF(H43=0,0,H43*$F43) -> 0 | K43: =SUM(I43:J43) -> 18 | O43: =M43 -> 0 | P43: =IF(N43=0,0,N43*$F43) -> 0 | Q43: =SUM(O43:P43) -> 0 | S43: =SUM(K43:L43,Q43:R43) -> 18 | U43: 36 | V43: Иманалиева А. | W43: ПОПД | X43: =SUMIF($B$9:$B$884,$V43,G$9:G$884) -> 120 | Y43: =SUMIF($B$9:$B$884,$V43,M$9:M$884) -> 78 | Z43: =SUM(X43:Y43) -> 198 | AB43: =COUNTIF(V$8:V$99,V43) -> 1
B44: Омуркул к. К. | G44: =SUM(K45:L49) -> 0 | M44: =SUM(Q45:R49) -> 171 | S44: =SUM(G44:Q44) -> 171 | U44: 37 | V44: Исабекова Н. | W44: Инф контроль | X44: =SUMIF($B$9:$B$884,$V44,G$9:G$884) -> 0 | Y44: =SUMIF($B$9:$B$884,$V44,M$9:M$884) -> 288 | Z44: =SUM(X44:Y44) -> 288 | AB44: =COUNTIF(V$8:V$99,V44) -> 1
C45: 1 | D45: КЛД-21 | E45: 17 | F45: =IF(E45<15,1,IF(((E45>=15)*(E45<23)),2,3)) -> 2 | I45: =G45 -> 0 | J45: =IF(H45=0,0,H45*$F45) -> 0 | K45: =SUM(I45:J45) -> 0 | M45: 36 | O45: =M45 -> 36 | P45: =IF(N45=0,0,N45*$F45) -> 0 | Q45: =SUM(O45:P45) -> 36 | S45: =SUM(K45:L45,Q45:R45) -> 36 | U45: 38 | V45: Исалиева Г.Б. | W45: Манасоведение | X45: =SUMIF($B$9:$B$884,$V45,G$9:G$884) -> 228 | Y45: =SUMIF($B$9:$B$884,$V45,M$9:M$884) -> 342 | Z45: =SUM(X45:Y45) -> 570 | AB45: =COUNTIF(V$8:V$99,V45) -> 1
C46: 1 | D46: КЛД-22 | E46: 18 | F46: =IF(E46<15,1,IF(((E46>=15)*(E46<23)),2,3)) -> 2 | I46: =G46 -> 0 | J46: =IF(H46=0,0,H46*$F46) -> 0 | K46: =SUM(I46:J46) -> 0 | N46: 39 | O46: =M46 -> 0 | P46: =IF(N46=0,0,N46*$F46) -> 78 | Q46: =SUM(O46:P46) -> 78 | R46: 3 | S46: =SUM(K46:L46,Q46:R46) -> 81 | U46: 39 | V46: Исмаилова З.Д. | W46: Клин пат | X46: =SUMIF($B$9:$B$884,$V46,G$9:G$884) -> 114 | Y46: =SUMIF($B$9:$B$884,$V46,M$9:M$884) -> 94 | Z46: =SUM(X46:Y46) -> 208 | AB46: =COUNTIF(V$8:V$99,V46) -> 1
C47: 2 | D47: КСД-31 | E47: 19 | F47: =IF(E47<15,1,IF(((E47>=15)*(E47<23)),2,3)) -> 2 | I47: =G47 -> 0 | J47: =IF(H47=0,0,H47*$F47) -> 0 | K47: =SUM(I47:J47) -> 0 | M47: 12 | O47: =M47 -> 12 | P47: =IF(N47=0,0,N47*$F47) -> 0 | Q47: =SUM(O47:P47) -> 12 | S47: =SUM(K47:L47,Q47:R47) -> 12 | U47: 40 | V47: Кадыракун у. К. | W47: История КР | X47: =SUMIF($B$9:$B$884,$V47,G$9:G$884) -> 320 | Y47: =SUMIF($B$9:$B$884,$V47,M$9:M$884) -> 36 | Z47: =SUM(X47:Y47) -> 356 | AB47: =COUNTIF(V$8:V$99,V47) -> 1
C48: 4 | D48: КСД-21 | E48: 24 | F48: =IF(E48<15,1,IF(((E48>=15)*(E48<23)),2,3)) -> 3 | I48: =G48 -> 0 | J48: =IF(H48=0,0,H48*$F48) -> 0 | K48: =SUM(I48:J48) -> 0 | M48: 24 | O48: =M48 -> 24 | P48: =IF(N48=0,0,N48*$F48) -> 0 | Q48: =SUM(O48:P48) -> 24 | S48: =SUM(K48:L48,Q48:R48) -> 24 | U48: 41 | V48: Калдыбаева Д.И. | W48: Химия | X48: =SUMIF($B$9:$B$884,$V48,G$9:G$884) -> 484 | Y48: =SUMIF($B$9:$B$884,$V48,M$9:M$884) -> 346 | Z48: =SUM(X48:Y48) -> 830 | AB48: =COUNTIF(V$8:V$99,V48) -> 1
C49: 5 | D49: КЛД-31 | E49: 27 | F49: =IF(E49<15,1,IF(((E49>=15)*(E49<23)),2,3)) -> 3 | I49: =G49 -> 0 | J49: =IF(H49=0,0,H49*$F49) -> 0 | K49: =SUM(I49:J49) -> 0 | M49: 18 | O49: =M49 -> 18 | P49: =IF(N49=0,0,N49*$F49) -> 0 | Q49: =SUM(O49:P49) -> 18 | S49: =SUM(K49:L49,Q49:R49) -> 18 | U49: 42 | V49: Карыбаев Т. | W49: Реаниматология | X49: =SUMIF($B$9:$B$884,$V49,G$9:G$884) -> 66 | Y49: =SUMIF($B$9:$B$884,$V49,M$9:M$884) -> 0 | Z49: =SUM(X49:Y49) -> 66 | AB49: =COUNTIF(V$8:V$99,V49) -> 1
B50: Кучерова В. | G50: =SUM(K51:L51) -> 0 | M50: =SUM(Q51:R51) -> 12 | S50: =SUM(G50:Q50) -> 12 | U50: 43 | V50: Карыбаева М. | W50: ПМП | X50: =SUMIF($B$9:$B$884,$V50,G$9:G$884) -> 348 | Y50: =SUMIF($B$9:$B$884,$V50,M$9:M$884) -> 0 | Z50: =SUM(X50:Y50) -> 348 | AB50: =COUNTIF(V$8:V$99,V50) -> 1
C51: 2 | D51: КСД-31 | E51: 23 | F51: =IF(E51<15,1,IF(((E51>=15)*(E51<23)),2,3)) -> 3 | I51: =G51 -> 0 | J51: =IF(H51=0,0,H51*$F51) -> 0 | K51: =SUM(I51:J51) -> 0 | O51: =M51 -> 0 | P51: =IF(N51=0,0,N51*$F51) -> 0 | Q51: =SUM(O51:P51) -> 0 | R51: 12 | S51: =SUM(K51:L51,Q51:R51) -> 12 | U51: 44 | V51: Касеева Н. | W51: Георгафия КР | X51: =SUMIF($B$9:$B$884,$V51,G$9:G$884) -> 570 | Y51: =SUMIF($B$9:$B$884,$V51,M$9:M$884) -> 162 | Z51: =SUM(X51:Y51) -> 732 | AB51: =COUNTIF(V$8:V$99,V51) -> 1
B52: Алиева Х.О. | G52: =SUM(K53:L54) -> 54 | M52: =SUM(Q53:R54) -> 165 | S52: =SUM(G52:Q52) -> 219 | U52: 45 | V52: Керимахунова Д. | W52: ОСД | X52: =SUMIF($B$9:$B$884,$V52,G$9:G$884) -> 130 | Y52: =SUMIF($B$9:$B$884,$V52,M$9:M$884) -> 76 | Z52: =SUM(X52:Y52) -> 206 | AB52: =COUNTIF(V$8:V$99,V52) -> 1
C53: 4 | D53: КСД-21 | E53: 28 | F53: =IF(E53<15,1,IF(((E53>=15)*(E53<23)),2,3)) -> 3 | I53: =G53 -> 0 | J53: =IF(H53=0,0,H53*$F53) -> 0 | K53: =SUM(I53:J53) -> 0 | N53: 36 | O53: =M53 -> 0 | P53: =IF(N53=0,0,N53*$F53) -> 108 | Q53: =SUM(O53:P53) -> 108 | R53: 12 | S53: =SUM(K53:L53,Q53:R53) -> 120 | U53: 46 | V53: Кубаева Н. | W53: Терапия | X53: =SUMIF($B$9:$B$884,$V53,G$9:G$884) -> 474 | Y53: =SUMIF($B$9:$B$884,$V53,M$9:M$884) -> 346 | Z53: =SUM(X53:Y53) -> 820 | AB53: =COUNTIF(V$8:V$99,V53) -> 1
C54: 3 | D54: КАД-21 | E54: 7 | F54: =IF(E54<15,1,IF(((E54>=15)*(E54<23)),2,3)) -> 1 | H54: 42 | I54: =G54 -> 0 | J54: =IF(H54=0,0,H54*$F54) -> 42 | K54: =SUM(I54:J54) -> 42 | L54: 12 | N54: 33 | O54: =M54 -> 0 | P54: =IF(N54=0,0,N54*$F54) -> 33 | Q54: =SUM(O54:P54) -> 33 | R54: 12 | S54: =SUM(K54:L54,Q54:R54) -> 99 | U54: 47 | V54: Кубатбеков К.К. | W54: Полные съемные протезы | X54: =SUMIF($B$9:$B$884,$V54,G$9:G$884) -> 618 | Y54: =SUMIF($B$9:$B$884,$V54,M$9:M$884) -> 462 | Z54: =SUM(X54:Y54) -> 1080 | AB54: =COUNTIF(V$8:V$99,V54) -> 1
B55: Аманкелдиева А. | G55: =SUM(K56:L56) -> 93 | M55: =SUM(Q56:R56) -> 93 | S55: =SUM(G55:Q55) -> 186 | U55: 48 | V55: Кубатова А. | W55: Акушерство | X55: =SUMIF($B$9:$B$884,$V55,G$9:G$884) -> 169 | Y55: =SUMIF($B$9:$B$884,$V55,M$9:M$884) -> 160 | Z55: =SUM(X55:Y55) -> 329 | AB55: =COUNTIF(V$8:V$99,V55) -> 1
C56: 5 | D56: КЛД-31 | E56: 27 | F56: =IF(E56<15,1,IF(((E56>=15)*(E56<23)),2,3)) -> 3 | H56: 27 | I56: =G56 -> 0 | J56: =IF(H56=0,0,H56*$F56) -> 81 | K56: =SUM(I56:J56) -> 81 | L56: 12 | N56: 27 | O56: =M56 -> 0 | P56: =IF(N56=0,0,N56*$F56) -> 81 | Q56: =SUM(O56:P56) -> 81 | R56: 12 | S56: =SUM(K56:L56,Q56:R56) -> 186 | U56: 49 | V56: Кудайбергенова Э. | W56: Реаниматология | X56: =SUMIF($B$9:$B$884,$V56,G$9:G$884) -> 105 | Y56: =SUMIF($B$9:$B$884,$V56,M$9:M$884) -> 0 | Z56: =SUM(X56:Y56) -> 105 | AB56: =COUNTIF(V$8:V$99,V56) -> 1
B57: Токтогулова М. | G57: =SUM(K58:L59) -> 213 | M57: =SUM(Q58:R59) -> 93 | S57: =SUM(G57:Q57) -> 306 | U57: 50 | V57: Кулукеева Д. | W57: ИОПД | X57: =SUMIF($B$9:$B$884,$V57,G$9:G$884) -> 420 | Y57: =SUMIF($B$9:$B$884,$V57,M$9:M$884) -> 372 | Z57: =SUM(X57:Y57) -> 792 | AB57: =COUNTIF(V$8:V$99,V57) -> 1
C58: 1 | D58: КЛД-32 | E58: 28 | F58: =IF(E58<15,1,IF(((E58>=15)*(E58<23)),2,3)) -> 3 | H58: 27 | I58: =G58 -> 0 | J58: =IF(H58=0,0,H58*$F58) -> 81 | K58: =SUM(I58:J58) -> 81 | L58: 12 | N58: 27 | O58: =M58 -> 0 | P58: =IF(N58=0,0,N58*$F58) -> 81 | Q58: =SUM(O58:P58) -> 81 | R58: 12 | S58: =SUM(K58:L58,Q58:R58) -> 186 | U58: 51 | V58: Кучерова В. | W58: Хирургия | X58: =SUMIF($B$9:$B$884,$V58,G$9:G$884) -> 270 | Y58: =SUMIF($B$9:$B$884,$V58,M$9:M$884) -> 213 | Z58: =SUM(X58:Y58) -> 483 | AB58: =COUNTIF(V$8:V$99,V58) -> 1
C59: 3 | D59: КЛД-41 | E59: 29 | F59: =IF(E59<15,1,IF(((E59>=15)*(E59<23)),2,3)) -> 3 | H59: 36 | I59: =G59 -> 0 | J59: =IF(H59=0,0,H59*$F59) -> 108 | K59: =SUM(I59:J59) -> 108 | L59: 12 | O59: =M59 -> 0 | P59: =IF(N59=0,0,N59*$F59) -> 0 | Q59: =SUM(O59:P59) -> 0 | S59: =SUM(K59:L59,Q59:R59) -> 120 | U59: 52 | V59: Майрамбек к. А. | W59: СМ | X59: =SUMIF($B$9:$B$884,$V59,G$9:G$884) -> 378 | Y59: =SUMIF($B$9:$B$884,$V59,M$9:M$884) -> 240 | Z59: =SUM(X59:Y59) -> 618 | AB59: =COUNTIF(V$8:V$99,V59) -> 1
B60: Аскарбеков Б. | G60: =SUM(K61:L62) -> 9 | M60: =SUM(Q61:R62) -> 0 | S60: =SUM(G60:Q60) -> 9 | U60: 53 | V60: Мамралиева С.А. | W60: Фармакология | X60: =SUMIF($B$9:$B$884,$V60,G$9:G$884) -> 360 | Y60: =SUMIF($B$9:$B$884,$V60,M$9:M$884) -> 228 | Z60: =SUM(X60:Y60) -> 588 | AB60: =COUNTIF(V$8:V$99,V60) -> 1
C61: 1 | D61: КЛД-21 | E61: 17 | F61: =IF(E61<15,1,IF(((E61>=15)*(E61<23)),2,3)) -> 2 | I61: =G61 -> 0 | J61: =IF(H61=0,0,H61*$F61) -> 0 | K61: =SUM(I61:J61) -> 0 | L61: 3 | O61: =M61 -> 0 | Q61: =SUM(O61:P61) -> 0 | S61: =SUM(K61:L61,Q61:R61) -> 3 | U61: 54 | V61: Махмедов И.Т. | W61: Физвоспитание | X61: =SUMIF($B$9:$B$884,$V61,G$9:G$884) -> 124 | Y61: =SUMIF($B$9:$B$884,$V61,M$9:M$884) -> 118 | Z61: =SUM(X61:Y61) -> 242 | AB61: =COUNTIF(V$8:V$99,V61) -> 1
C62: 2 | D62: КСД-31 | E62: 23 | F62: =IF(E62<15,1,IF(((E62>=15)*(E62<23)),2,3)) -> 3 | I62: =G62 -> 0 | J62: =IF(H62=0,0,H62*$F62) -> 0 | K62: =SUM(I62:J62) -> 0 | L62: 6 | O62: =M62 -> 0 | P62: =IF(N62=0,0,N62*$F62) -> 0 | Q62: =SUM(O62:P62) -> 0 | S62: =SUM(K62:L62,Q62:R62) -> 6 | U62: 55 | V62: Молдалиева Б. | W62: Ин язык | X62: =SUMIF($B$9:$B$884,$V62,G$9:G$884) -> 336 | Y62: =SUMIF($B$9:$B$884,$V62,M$9:M$884) -> 440 | Z62: =SUM(X62:Y62) -> 776 | AB62: =COUNTIF(V$8:V$99,V62) -> 1
B63: Бейсенбиева А. | G63: =SUM(K64:L69) -> 204 | M63: =SUM(Q64:R69) -> 327 | S63: =SUM(G63:Q63) -> 531 | U63: 56 | V63: Мусаева Э. | W63: Лат язык | X63: =SUMIF($B$9:$B$884,$V63,G$9:G$884) -> 498 | Y63: =SUMIF($B$9:$B$884,$V63,M$9:M$884) -> 312 | Z63: =SUM(X63:Y63) -> 810 | AB63: =COUNTIF(V$8:V$99,V63) -> 1
C64: 1 | D64: КЛД-21 | E64: 30 | F64: =IF(E64<15,1,IF(((E64>=15)*(E64<23)),2,3)) -> 3 | H64: 39 | I64: =G64 -> 0 | J64: =IF(H64=0,0,H64*$F64) -> 117 | K64: =SUM(I64:J64) -> 117 | L64: 9 | O64: =M64 -> 0 | P64: =IF(N64=0,0,N64*$F64) -> 0 | Q64: =SUM(O64:P64) -> 0 | S64: =SUM(K64:L64,Q64:R64) -> 126 | U64: 57 | V64: Нурлан к. А. | W64: ОСД | X64: =SUMIF($B$9:$B$884,$V64,G$9:G$884) -> 243 | Y64: =SUMIF($B$9:$B$884,$V64,M$9:M$884) -> 262 | Z64: =SUM(X64:Y64) -> 505 | AB64: =COUNTIF(V$8:V$99,V64) -> 1
C65: 1 | D65: КЛД-21 | E65: 17 | F65: =IF(E65<15,1,IF(((E65>=15)*(E65<23)),2,3)) -> 2 | I65: =G65 -> 0 | J65: =IF(H65=0,0,H65*$F65) -> 0 | K65: =SUM(I65:J65) -> 0 | N65: 39 | O65: =M65 -> 0 | P65: =IF(N65=0,0,N65*$F65) -> 78 | Q65: =SUM(O65:P65) -> 78 | R65: 12 | S65: =SUM(K65:L65,Q65:R65) -> 90 | U65: 58 | V65: Омуркул к. К. | W65: Терапия | X65: =SUMIF($B$9:$B$884,$V65,G$9:G$884) -> 0 | Y65: =SUMIF($B$9:$B$884,$V65,M$9:M$884) -> 394 | Z65: =SUM(X65:Y65) -> 394 | AB65: =COUNTIF(V$8:V$99,V65) -> 1
C66: 1 | D66: КЛД-22 | E66: 18 | F66: =IF(E66<15,1,IF(((E66>=15)*(E66<23)),2,3)) -> 2 | I66: =G66 -> 0 | J66: =IF(H66=0,0,H66*$F66) -> 0 | K66: =SUM(I66:J66) -> 0 | O66: =M66 -> 0 | P66: =IF(N66=0,0,N66*$F66) -> 0 | Q66: =SUM(O66:P66) -> 0 | R66: 9 | S66: =SUM(K66:L66,Q66:R66) -> 9 | U66: 59 | V66: Орускулова Т.Р. | W66: АиФ | X66: =SUMIF($B$9:$B$884,$V66,G$9:G$884) -> 316 | Y66: =SUMIF($B$9:$B$884,$V66,M$9:M$884) -> 284 | Z66: =SUM(X66:Y66) -> 600 | AB66: =COUNTIF(V$8:V$99,V66) -> 1
C67: 1 | D67: КСД-22 | E67: 18 | F67: =IF(E67<15,1,IF(((E67>=15)*(E67<23)),2,3)) -> 2 | I67: =G67 -> 0 | J67: =IF(H67=0,0,H67*$F67) -> 0 | K67: =SUM(I67:J67) -> 0 | N67: 36 | O67: =M67 -> 0 | P67: =IF(N67=0,0,N67*$F67) -> 72 | Q67: =SUM(O67:P67) -> 72 | R67: 12 | S67: =SUM(K67:L67,Q67:R67) -> 84 | U67: 60 | V67: Осмоналиева Г.Д. | W67: Рус язык | X67: =SUMIF($B$9:$B$884,$V67,G$9:G$884) -> 330 | Y67: =SUMIF($B$9:$B$884,$V67,M$9:M$884) -> 360 | Z67: =SUM(X67:Y67) -> 690 | AB67: =COUNTIF(V$8:V$99,V67) -> 1
C68: 2 | D68: КСД-31 | E68: 19 | F68: =IF(E68<15,1,IF(((E68>=15)*(E68<23)),2,3)) -> 2 | I68: =G68 -> 0 | J68: =IF(H68=0,0,H68*$F68) -> 0 | K68: =SUM(I68:J68) -> 0 | N68: 33 | O68: =M68 -> 0 | P68: =IF(N68=0,0,N68*$F68) -> 66 | Q68: =SUM(O68:P68) -> 66 | S68: =SUM(K68:L68,Q68:R68) -> 66 | U68: 61 | V68: Осмоналиева М. | W68: Педиатрия | X68: =SUMIF($B$9:$B$884,$V68,G$9:G$884) -> 228 | Y68: =SUMIF($B$9:$B$884,$V68,M$9:M$884) -> 291 | Z68: =SUM(X68:Y68) -> 519 | AB68: =COUNTIF(V$8:V$99,V68) -> 1
C69: 2 | D69: КСД-32 | E69: 20 | F69: =IF(E69<15,1,IF(((E69>=15)*(E69<23)),2,3)) -> 2 | H69: 33 | I69: =G69 -> 0 | J69: =IF(H69=0,0,H69*$F69) -> 66 | K69: =SUM(I69:J69) -> 66 | L69: 12 | N69: 33 | O69: =M69 -> 0 | P69: =IF(N69=0,0,N69*$F69) -> 66 | Q69: =SUM(O69:P69) -> 66 | R69: 12 | S69: =SUM(K69:L69,Q69:R69) -> 156 | U69: 62 | V69: Осмонова Д. | W69: БЖМК | X69: =SUMIF($B$9:$B$884,$V69,G$9:G$884) -> 192 | Y69: =SUMIF($B$9:$B$884,$V69,M$9:M$884) -> 0 | Z69: =SUM(X69:Y69) -> 192 | AB69: =COUNTIF(V$8:V$99,V69) -> 1
B70: 3 | D70: Фтизиатрия | G70: =SUM(G71,G73) -> 234 | M70: =SUM(M71,M73) -> 30 | S70: =SUM(S71,S73) -> 264 | U70: 63 | V70: Оторбаева Г. | W70: СМ | X70: =SUMIF($B$9:$B$884,$V70,G$9:G$884) -> 529 | Y70: =SUMIF($B$9:$B$884,$V70,M$9:M$884) -> 425 | Z70: =SUM(X70:Y70) -> 954 | AB70: =COUNTIF(V$8:V$99,V70) -> 1
B71: Аскарбеков Б. | G71: =SUM(K72:L72) -> 3 | M71: =SUM(Q72:R72) -> 0 | S71: =SUM(G71:Q71) -> 3 | U71: 64 | V71: Рустамов С. | W71: ИОПД | X71: =SUMIF($B$9:$B$884,$V71,G$9:G$884) -> 0 | Y71: =SUMIF($B$9:$B$884,$V71,M$9:M$884) -> 188 | Z71: =SUM(X71:Y71) -> 188 | AB71: =COUNTIF(V$8:V$99,V71) -> 1
C72: 1 | D72: КСД-21 | E72: 24 | F72: =IF(E72<15,1,IF(((E72>=15)*(E72<23)),2,3)) -> 3 | I72: =G72 -> 0 | J72: =IF(H72=0,0,H72*$F72) -> 0 | K72: =SUM(I72:J72) -> 0 | L72: 3 | O72: =M72 -> 0 | P72: =IF(N72=0,0,N72*$F72) -> 0 | Q72: =SUM(O72:P72) -> 0 | S72: =SUM(K72:L72,Q72:R72) -> 3 | U72: 65 | V72: Рысалиева С. | W72: Реаниматология | X72: =SUMIF($B$9:$B$884,$V72,G$9:G$884) -> 72 | Y72: =SUMIF($B$9:$B$884,$V72,M$9:M$884) -> 0 | Z72: =SUM(X72:Y72) -> 72 | AB72: =COUNTIF(V$8:V$99,V72) -> 1
B73: Замирбекова К. | G73: =SUM(K74:L76) -> 231 | M73: =SUM(Q74:R76) -> 30 | S73: =SUM(G73:Q73) -> 261 | U73: 66 | V73: Рыскелдиева А.Р. | W73: Биология | X73: =SUMIF($B$9:$B$884,$V73,G$9:G$884) -> 468 | Y73: =SUMIF($B$9:$B$884,$V73,M$9:M$884) -> 276 | Z73: =SUM(X73:Y73) -> 744 | AB73: =COUNTIF(V$8:V$99,V73) -> 1
C74: 1 | D74: КСД-21 | E74: 24 | F74: =IF(E74<15,1,IF(((E74>=15)*(E74<23)),2,3)) -> 3 | G74: 12 | H74: 33 | I74: =G74 -> 12 | J74: =IF(H74=0,0,H74*$F74) -> 99 | K74: =SUM(I74:J74) -> 111 | L74: 9 | O74: =M74 -> 0 | P74: =IF(N74=0,0,N74*$F74) -> 0 | Q74: =SUM(O74:P74) -> 0 | S74: =SUM(K74:L74,Q74:R74) -> 120 | U74: 67 | V74: Сарбаева Ч.Д. | W74: Философия | X74: =SUMIF($B$9:$B$884,$V74,G$9:G$884) -> 184 | Y74: =SUMIF($B$9:$B$884,$V74,M$9:M$884) -> 180 | Z74: =SUM(X74:Y74) -> 364 | AB74: =COUNTIF(V$8:V$99,V74) -> 1
C75: 2 | D75: КСД-22 | E75: 24 | F75: =IF(E75<15,1,IF(((E75>=15)*(E75<23)),2,3)) -> 3 | H75: 33 | I75: =G75 -> 0 | J75: =IF(H75=0,0,H75*$F75) -> 99 | K75: =SUM(I75:J75) -> 99 | L75: 12 | O75: =M75 -> 0 | P75: =IF(N75=0,0,N75*$F75) -> 0 | Q75: =SUM(O75:P75) -> 0 | S75: =SUM(K75:L75,Q75:R75) -> 111 | U75: 68 | V75: Сейитова Э. | W75: Микробиология | X75: =SUMIF($B$9:$B$884,$V75,G$9:G$884) -> 333 | Y75: =SUMIF($B$9:$B$884,$V75,M$9:M$884) -> 178 | Z75: =SUM(X75:Y75) -> 511 | AB75: =COUNTIF(V$8:V$99,V75) -> 1
C76: 1 | D76: КАД-31 | E76: 9 | F76: =IF(E76<15,1,IF(((E76>=15)*(E76<23)),2,3)) -> 1 | I76: =G76 -> 0 | J76: =IF(H76=0,0,H76*$F76) -> 0 | K76: =SUM(I76:J76) -> 0 | N76: 18 | O76: =M76 -> 0 | P76: =IF(N76=0,0,N76*$F76) -> 18 | Q76: =SUM(O76:P76) -> 18 | R76: 12 | S76: =SUM(K76:L76,Q76:R76) -> 30 | U76: 69 | V76: Стеценко Е. | W76: Информатика | X76: =SUMIF($B$9:$B$884,$V76,G$9:G$884) -> 122 | Y76: =SUMIF($B$9:$B$884,$V76,M$9:M$884) -> 78 | Z76: =SUM(X76:Y76) -> 200 | AB76: =COUNTIF(V$8:V$99,V76) -> 1
B77: 4 | D77: Офтальмология | G77: =SUM(G78,G83) -> 0 | M77: =SUM(M78,M83) -> 402 | S77: =SUM(S78,S83) -> 402 | U77: 70 | V77: Султаналиева Ч. | W77: Дермат | X77: =SUMIF($B$9:$B$884,$V77,G$9:G$884) -> 318 | Y77: =SUMIF($B$9:$B$884,$V77,M$9:M$884) -> 288 | Z77: =SUM(X77:Y77) -> 606 | AB77: =COUNTIF(V$8:V$99,V77) -> 1
B78: Алиева Х.О. | G78: =SUM(K79:L82) -> 0 | M78: =SUM(Q79:R82) -> 78 | S78: =SUM(G78:Q78) -> 78 | U78: 71 | V78: Сурабаев Э. | W78: АиФ | X78: =SUMIF($B$9:$B$884,$V78,G$9:G$884) -> 156 | Y78: =SUMIF($B$9:$B$884,$V78,M$9:M$884) -> 156 | Z78: =SUM(X78:Y78) -> 312 | AB78: =COUNTIF(V$8:V$99,V78) -> 1
C79: 1 | D79: КЛД-31 | E79: 27 | F79: =IF(E79<15,1,IF(((E79>=15)*(E79<23)),2,3)) -> 3 | I79: =G79 -> 0 | J79: =IF(H79=0,0,H79*$F79) -> 0 | K79: =SUM(I79:J79) -> 0 | M79: 18 | O79: =M79 -> 18 | P79: =IF(N79=0,0,N79*$F79) -> 0 | Q79: =SUM(O79:P79) -> 18 | R79: 12 | S79: =SUM(K79:L79,Q79:R79) -> 30 | U79: 72 | V79: Сююмбаева А.И. | W79: Нерв бол | X79: =SUMIF($B$9:$B$884,$V79,G$9:G$884) -> 366 | Y79: =SUMIF($B$9:$B$884,$V79,M$9:M$884) -> 294 | Z79: =SUM(X79:Y79) -> 660 | AB79: =COUNTIF(V$8:V$99,V79) -> 1
C80: 3 | D80: КАД-31 | E80: 9 | F80: =IF(E80<15,1,IF(((E80>=15)*(E80<23)),2,3)) -> 1 | I80: =G80 -> 0 | J80: =IF(H80=0,0,H80*$F80) -> 0 | K80: =SUM(I80:J80) -> 0 | O80: =M80 -> 0 | P80: =IF(N80=0,0,N80*$F80) -> 0 | Q80: =SUM(O80:P80) -> 0 | R80: 12 | S80: =SUM(K80:L80,Q80:R80) -> 12 | U80: 73 | V80: Токтогулова М. | W80: Терапия | X80: =SUMIF($B$9:$B$884,$V80,G$9:G$884) -> 258 | Y80: =SUMIF($B$9:$B$884,$V80,M$9:M$884) -> 357 | Z80: =SUM(X80:Y80) -> 615 | AB80: =COUNTIF(V$8:V$99,V80) -> 1
C81: 5 | D81: КСД-31 | E81: 23 | F81: =IF(E81<15,1,IF(((E81>=15)*(E81<23)),2,3)) -> 3 | I81: =G81 -> 0 | J81: =IF(H81=0,0,H81*$F81) -> 0 | K81: =SUM(I81:J81) -> 0 | M81: 12 | O81: =M81 -> 12 | P81: =IF(N81=0,0,N81*$F81) -> 0 | Q81: =SUM(O81:P81) -> 12 | R81: 12 | S81: =SUM(K81:L81,Q81:R81) -> 24 | U81: 74 | V81: Турсунбаева А. | W81: Кыр язык | X81: =SUMIF($B$9:$B$884,$V81,G$9:G$884) -> 208 | Y81: =SUMIF($B$9:$B$884,$V81,M$9:M$884) -> 0 | Z81: =SUM(X81:Y81) -> 208 | AB81: =COUNTIF(V$8:V$99,V81) -> 1
C82: 6 | D82: КСД-32 | E82: 20 | F82: =IF(E82<15,1,IF(((E82>=15)*(E82<23)),2,3)) -> 2 | I82: =G82 -> 0 | J82: =IF(H82=0,0,H82*$F82) -> 0 | K82: =SUM(I82:J82) -> 0 | O82: =M82 -> 0 | P82: =IF(N82=0,0,N82*$F82) -> 0 | Q82: =SUM(O82:P82) -> 0 | R82: 12 | S82: =SUM(K82:L82,Q82:R82) -> 12 | U82: 75 | V82: Уметов И. | W82: НВПМ | X82: =SUMIF($B$9:$B$884,$V82,G$9:G$884) -> 396 | Y82: =SUMIF($B$9:$B$884,$V82,M$9:M$884) -> 450 | Z82: =SUM(X82:Y82) -> 846 | AB82: =COUNTIF(V$8:V$99,V82) -> 1
B83: Хадисова О.С. | G83: =SUM(K84:L88) -> 0 | M83: =SUM(Q84:R88) -> 324 | S83: =SUM(G83:Q83) -> 324 | U83: 76 | V83: Ургайыпова Г. | W83: Реаниматология | X83: =SUMIF($B$9:$B$884,$V83,G$9:G$884) -> 258 | Y83: =SUMIF($B$9:$B$884,$V83,M$9:M$884) -> 0 | Z83: =SUM(X83:Y83) -> 258 | AB83: =COUNTIF(V$8:V$99,V83) -> 1
C84: 1 | D84: КЛД-31 | E84: 27 | F84: =IF(E84<15,1,IF(((E84>=15)*(E84<23)),2,3)) -> 3 | I84: 0 | J84: =IF(H84=0,0,H84*$F84) -> 0 | K84: =SUM(I84:J84) -> 0 | N84: 27 | O84: =M84 -> 0 | P84: =IF(N84=0,0,N84*$F84) -> 81 | Q84: =SUM(O84:P84) -> 81 | S84: =SUM(K84:L84,Q84:R84) -> 81 | U84: 77 | V84: Хадисова О.С. | W84: Офтальмология | X84: =SUMIF($B$9:$B$884,$V84,G$9:G$884) -> 0 | Y84: =SUMIF($B$9:$B$884,$V84,M$9:M$884) -> 324 | Z84: =SUM(X84:Y84) -> 324 | AB84: =COUNTIF(V$8:V$99,V84) -> 1
C85: 2 | D85: КЛД-32 | E85: 29 | F85: =IF(E85<15,1,IF(((E85>=15)*(E85<23)),2,3)) -> 3 | I85: 0 | J85: =IF(H85=0,0,H85*$F85) -> 0 | K85: =SUM(I85:J85) -> 0 | N85: 27 | O85: =M85 -> 0 | P85: =IF(N85=0,0,N85*$F85) -> 81 | Q85: =SUM(O85:P85) -> 81 | R85: 12 | S85: =SUM(K85:L85,Q85:R85) -> 93 | U85: 78 | V85: Хапизова А. | W85: Дермат | X85: =SUMIF($B$9:$B$884,$V85,G$9:G$884) -> 261 | Y85: =SUMIF($B$9:$B$884,$V85,M$9:M$884) -> 249 | Z85: =SUM(X85:Y85) -> 510 | AB85: =COUNTIF(V$8:V$99,V85) -> 1
C86: 3 | D86: КАД-31 | E86: 9 | F86: =IF(E86<15,1,IF(((E86>=15)*(E86<23)),2,3)) -> 1 | I86: =G86 -> 0 | J86: =IF(H86=0,0,H86*$F86) -> 0 | K86: =SUM(I86:J86) -> 0 | N86: 18 | O86: =M86 -> 0 | P86: =IF(N86=0,0,N86*$F86) -> 18 | Q86: =SUM(O86:P86) -> 18 | S86: =SUM(K86:L86,Q86:R86) -> 18 | U86: 79 | V86: Чекелов К.К. | W86: Литье | X86: =SUMIF($B$9:$B$884,$V86,G$9:G$884) -> 102 | Y86: =SUMIF($B$9:$B$884,$V86,M$9:M$884) -> 258 | Z86: =SUM(X86:Y86) -> 360 | AB86: =COUNTIF(V$8:V$99,V86) -> 1
C87: 5 | D87: КСД-31 | E87: 19 | F87: =IF(E87<15,1,IF(((E87>=15)*(E87<23)),2,3)) -> 2 | I87: =G87 -> 0 | J87: =IF(H87=0,0,H87*$F87) -> 0 | K87: =SUM(I87:J87) -> 0 | N87: 33 | O87: =M87 -> 0 | P87: =IF(N87=0,0,N87*$F87) -> 66 | Q87: =SUM(O87:P87) -> 66 | S87: =SUM(K87:L87,Q87:R87) -> 66 | U87: 80 | V87: Чынгышбаев Э.М. | W87: Литье | X87: =SUMIF($B$9:$B$884,$V87,G$9:G$884) -> 638 | Y87: =SUMIF($B$9:$B$884,$V87,M$9:M$884) -> 442 | Z87: =SUM(X87:Y87) -> 1080 | AB87: =COUNTIF(V$8:V$99,V87) -> 1
C88: 6 | D88: КСД-32 | E88: 20 | F88: =IF(E88<15,1,IF(((E88>=15)*(E88<23)),2,3)) -> 2 | I88: =G88 -> 0 | J88: =IF(H88=0,0,H88*$F88) -> 0 | K88: =SUM(I88:J88) -> 0 | N88: 33 | O88: =M88 -> 0 | P88: =IF(N88=0,0,N88*$F88) -> 66 | Q88: =SUM(O88:P88) -> 66 | S88: =SUM(K88:L88,Q88:R88) -> 66 | U88: 81 | V88: Шайымбетова М. | W88: ОЭФ | X88: =SUMIF($B$9:$B$884,$V88,G$9:G$884) -> 478 | Y88: =SUMIF($B$9:$B$884,$V88,M$9:M$884) -> 602 | Z88: =SUM(X88:Y88) -> 1080 | AB88: =COUNTIF(V$8:V$99,V88) -> 1
B89: 5 | D89: Педиатрия | G89: =SUM(G90,G96,G99,G105,G109,G111,G115,G118,G121) -> 648 | M89: =SUM(M90,M96,M99,M105,M109,M111,M115,M118,M121) -> 903 | S89: =SUM(S90,S96,S99,S105,S109,S111,S115,S118,S121) -> 1551 | U89: 82 | V89: Шертаева Н. | W89: Проф псих | X89: =SUMIF($B$9:$B$884,$V89,G$9:G$884) -> 0 | Y89: =SUMIF($B$9:$B$884,$V89,M$9:M$884) -> 72 | Z89: =SUM(X89:Y89) -> 72 | AB89: =COUNTIF(V$8:V$99,V89) -> 1
B90: Аширахманова Г.Б. | G90: =SUM(K91:L95) -> 54 | M90: =SUM(Q91:R95) -> 78 | S90: =SUM(G90:Q90) -> 132 | U90: 83 | V90: Эрмеева А. | W90: Акушерство | X90: =SUMIF($B$9:$B$884,$V90,G$9:G$884) -> 153 | Y90: =SUMIF($B$9:$B$884,$V90,M$9:M$884) -> 66 | Z90: =SUM(X90:Y90) -> 219 | AB90: =COUNTIF(V$8:V$99,V90) -> 1
C91: 1 | D91: КЛД-41 | E91: 29 | F91: =IF(E91<15,1,IF(((E91>=15)*(E91<23)),2,3)) -> 3 | G91: 18 | I91: =G91 -> 18 | J91: =IF(H91=0,0,H91*$F91) -> 0 | K91: =SUM(I91:J91) -> 18 | O91: =M91 -> 0 | P91: =IF(N91=0,0,N91*$F91) -> 0 | Q91: =SUM(O91:P91) -> 0 | S91: =SUM(K91:L91,Q91:R91) -> 18 | U91: 84 | V91: Эсенгелдиева М. | W91: Физвоспитание | X91: =SUMIF($B$9:$B$884,$V91,G$9:G$884) -> 318 | Y91: =SUMIF($B$9:$B$884,$V91,M$9:M$884) -> 284 | Z91: =SUM(X91:Y91) -> 602 | AB91: =COUNTIF(V$8:V$99,V91) -> 1
C92: 2 | D92: КЛД-31 | E92: 27 | F92: =IF(E92<15,1,IF(((E92>=15)*(E92<23)),2,3)) -> 3 | G92: 24 | I92: =G92 -> 24 | J92: =IF(H92=0,0,H92*$F92) -> 0 | K92: =SUM(I92:J92) -> 24 | M92: 18 | O92: =M92 -> 18 | P92: =IF(N92=0,0,N92*$F92) -> 0 | Q92: =SUM(O92:P92) -> 18 | S92: =SUM(K92:L92,Q92:R92) -> 42 | U92: 85 | V92: Эшпаев Т. | W92: Физкультура | X92: =SUMIF($B$9:$B$884,$V92,G$9:G$884) -> 126 | Y92: =SUMIF($B$9:$B$884,$V92,M$9:M$884) -> 144 | Z92: =SUM(X92:Y92) -> 270 | AB92: =COUNTIF(V$8:V$99,V92) -> 1
C93: 3 | D93: КСД-31 | E93: 23 | F93: =IF(E93<15,1,IF(((E93>=15)*(E93<23)),2,3)) -> 3 | G93: 12 | I93: =G93 -> 12 | J93: =IF(H93=0,0,H93*$F93) -> 0 | K93: =SUM(I93:J93) -> 12 | M93: 12 | O93: =M93 -> 12 | P93: =IF(N93=0,0,N93*$F93) -> 0 | Q93: =SUM(O93:P93) -> 12 | S93: =SUM(K93:L93,Q93:R93) -> 24 | U93: 86 | V93: Янхаева З. | W93: Терапия | X93: =SUMIF($B$9:$B$884,$V93,G$9:G$884) -> 309 | Y93: =SUMIF($B$9:$B$884,$V93,M$9:M$884) -> 0 | Z93: =SUM(X93:Y93) -> 309 | AB93: =COUNTIF(V$8:V$99,V93) -> 1
C94: 5 | D94: КСД-21 | E94: 24 | F94: =IF(E94<15,1,IF(((E94>=15)*(E94<23)),2,3)) -> 3 | I94: =G94 -> 0 | J94: =IF(H94=0,0,H94*$F94) -> 0 | K94: =SUM(I94:J94) -> 0 | M94: 24 | O94: =M94 -> 24 | P94: =IF(N94=0,0,N94*$F94) -> 0 | Q94: =SUM(O94:P94) -> 24 | S94: =SUM(K94:L94,Q94:R94) -> 24 | U94: 87 | V94: Янхаева Я. | W94: ОСД | X94: =SUMIF($B$9:$B$884,$V94,G$9:G$884) -> 96 | Y94: =SUMIF($B$9:$B$884,$V94,M$9:M$884) -> 0 | Z94: =SUM(X94:Y94) -> 96 | AB94: =COUNTIF(V$8:V$99,V94) -> 1
C95: 1 | D95: КЛД-21 | E95: 17 | F95: =IF(E95<15,1,IF(((E95>=15)*(E95<23)),2,3)) -> 2 | I95: =G95 -> 0 | J95: =IF(H95=0,0,H95*$F95) -> 0 | K95: =SUM(I95:J95) -> 0 | M95: 24 | O95: =M95 -> 24 | P95: =IF(N95=0,0,N95*$F95) -> 0 | Q95: =SUM(O95:P95) -> 24 | S95: =SUM(K95:L95,Q95:R95) -> 24
B96: Аскарбеков Б. | G96: =SUM(K97:L98) -> 18 | M96: =SUM(Q97:R98) -> 0 | S96: =SUM(G96:Q96) -> 18
C97: 6 | D97: КСД-32 | E97: 19 | F97: =IF(E97<15,1,IF(((E97>=15)*(E97<23)),2,3)) -> 2 | I97: =G97 -> 0 | J97: =IF(H97=0,0,H97*$F97) -> 0 | K97: =SUM(I97:J97) -> 0 | L97: 9 | O97: =M97 -> 0 | P97: =IF(N97=0,0,N97*$F97) -> 0 | Q97: =SUM(O97:P97) -> 0 | S97: =SUM(K97:L97,Q97:R97) -> 9 | X97: =SUM(X8:X93) -> 20156 | Y97: =SUM(Y8:Y93) -> 17595 | Z97: =SUM(Z8:Z93) -> 37751
C98: 1 | D98: КЛД-31 | E98: 27 | F98: =IF(E98<15,1,IF(((E98>=15)*(E98<23)),2,3)) -> 3 | I98: =G98 -> 0 | J98: =IF(H98=0,0,H98*$F98) -> 0 | K98: =SUM(I98:J98) -> 0 | L98: 9 | O98: =M98 -> 0 | P98: =IF(N98=0,0,N98*$F98) -> 0 | Q98: =SUM(O98:P98) -> 0 | S98: =SUM(K98:L98,Q98:R98) -> 9 | X98: =G868 -> 20252 | Y98: =M868 -> 17595 | Z98: =S868 -> 37847
B99: Осмоналиева М. | G99: =SUM(K100:L104) -> 228 | M99: =SUM(Q100:R104) -> 291 | S99: =SUM(G99:Q99) -> 519
C100: 3 | D100: КАД-21 | E100: 7 | F100: =IF(E100<15,1,IF(((E100>=15)*(E100<23)),2,3)) -> 1 | I100: =G100 -> 0 | J100: =IF(H100=0,0,H100*$F100) -> 0 | K100: =SUM(I100:J100) -> 0 | N100: 42 | O100: =M100 -> 0 | P100: =IF(N100=0,0,N100*$F100) -> 42 | Q100: =SUM(O100:P100) -> 42 | R100: 12 | S100: =SUM(K100:L100,Q100:R100) -> 54
C101: 6 | D101: КСД-32 | E101: 19 | F101: =IF(E101<15,1,IF(((E101>=15)*(E101<23)),2,3)) -> 2 | H101: 33 | I101: =G101 -> 0 | J101: =IF(H101=0,0,H101*$F101) -> 66 | K101: =SUM(I101:J101) -> 66 | L101: 3 | N101: 33 | O101: =M101 -> 0 | P101: =IF(N101=0,0,N101*$F101) -> 66 | Q101: =SUM(O101:P101) -> 66 | R101: 12 | S101: =SUM(K101:L101,Q101:R101) -> 147
C102: 1 | D102: КЛД-41 | E102: 29 | F102: =IF(E102<15,1,IF(((E102>=15)*(E102<23)),2,3)) -> 3 | H102: 36 | I102: =G102 -> 0 | J102: =IF(H102=0,0,H102*$F102) -> 108 | K102: =SUM(I102:J102) -> 108 | L102: 12 | O102: =M102 -> 0 | P102: =IF(N102=0,0,N102*$F102) -> 0 | Q102: =SUM(O102:P102) -> 0 | S102: =SUM(K102:L102,Q102:R102) -> 120
...

Sheet За год
B2: Годовая нагрузка преподавателей | H2: Годовая нагрузка преподавателей | O2: Годовая нагрузка преподавателей
B3: на 2025-2026 учебный год (бюджет) | H3: на 2025-2026 учебный год (контракт) | O3: на 2025-2026 учебный год (бюджет, контракт)
B5: № | C5: Ф.И.О. | D5: I сем | E5: II сем | F5: Всего | H5: № | I5: Ф.И.О. | J5: I сем | K5: II сем | L5: Всего | O5: № | P5: Ф.И.О. | Q5: I сем | R5: II сем | S5: Всего
B6: 1 | C6: Абдиева Ж. | D6: =SUMIF(Бюджет!V$8:V$77,$C6,Бюджет!X$8:X$107) -> 160 | E6: =SUMIF(Бюджет!V$8:V$77,$C6,Бюджет!Y$8:Y$107) -> 118 | F6: =SUM(D6:E6) -> 278 | H6: 1 | I6: Абдиева Ж. | J6: =SUMIF(Контракт!V$8:V$97,$I6,Контракт!X$8:X$136) -> 40 | K6: =SUMIF(Контракт!V$8:V$97,$I6,Контракт!Y$8:Y$136) -> 42 | L6: =SUM(J6:K6) -> 82 | O6: 1 | P6: Абдиева Ж. | Q6: =SUMIF($C$6:$C$121,$P6,D$6:D$121)+SUMIF($I$6:$I$106,$P6,J$6:J$117) -> 200 | R6: =SUMIF($C$6:$C$121,$P6,E$6:E$121)+SUMIF($I$6:$I$106,$P6,K$6:K$117) -> 160 | S6: =SUM(Q6:R6) -> 360 | T6: =S6/720 -> 0.5 | U6: 0.5
B7: 2 | C7: Абдрахманова Ж. | D7: =SUMIF(Бюджет!V$8:V$77,$C7,Бюджет!X$8:X$107) -> 93 | E7: =SUMIF(Бюджет!V$8:V$77,$C7,Бюджет!Y$8:Y$107) -> 0 | F7: =SUM(D7:E7) -> 93 | H7: 2 | I7: Абдрахманова Ж. | J7: =SUMIF(Контракт!V$8:V$97,$I7,Контракт!X$8:X$136) -> 84 | K7: =SUMIF(Контракт!V$8:V$97,$I7,Контракт!Y$8:Y$136) -> 0 | L7: =SUM(J7:K7) -> 84 | O7: 2 | P7: Абдрахманова Ж. | Q7: =SUMIF($C$6:$C$121,$P7,D$6:D$121)+SUMIF($I$6:$I$106,$P7,J$6:J$117) -> 177 | R7: =SUMIF($C$6:$C$121,$P7,E$6:E$121)+SUMIF($I$6:$I$106,$P7,K$6:K$117) -> 0 | S7: =SUM(Q7:R7) -> 177 | T7: =S7/720 -> 0.24583333
B8: 3 | C8: Абдуллаева М.Н. | D8: =SUMIF(Бюджет!V$8:V$77,$C8,Бюджет!X$8:X$107) -> 18 | E8: =SUMIF(Бюджет!V$8:V$77,$C8,Бюджет!Y$8:Y$107) -> 52 | F8: =SUM(D8:E8) -> 70 | H8: 3 | I8: Абдуллаева М.Н. | J8: =SUMIF(Контракт!V$8:V$97,$I8,Контракт!X$8:X$136) -> 24 | K8: =SUMIF(Контракт!V$8:V$97,$I8,Контракт!Y$8:Y$136) -> 66 | L8: =SUM(J8:K8) -> 90 | O8: 3 | P8: Абдуллаева М.Н. | Q8: =SUMIF($C$6:$C$121,$P8,D$6:D$121)+SUMIF($I$6:$I$106,$P8,J$6:J$117) -> 42 | R8: =SUMIF($C$6:$C$121,$P8,E$6:E$121)+SUMIF($I$6:$I$106,$P8,K$6:K$117) -> 118 | S8: =SUM(Q8:R8) -> 160 | T8: =S8/720 -> 0.22222222
B9: 4 | C9: Абдуллаева М.Н. ШТ | D9: =SUMIF(Бюджет!V$8:V$77,$C9,Бюджет!X$8:X$107) -> 12 | E9: =SUMIF(Бюджет!V$8:V$77,$C9,Бюджет!Y$8:Y$107) -> 8 | F9: =SUM(D9:E9) -> 20 | H9: 4 | I9: Абдуллаева М.Н. ШТ | J9: =SUMIF(Контракт!V$8:V$97,$I9,Контракт!X$8:X$136) -> 150 | K9: =SUMIF(Контракт!V$8:V$97,$I9,Контракт!Y$8:Y$136) -> 30 | L9: =SUM(J9:K9) -> 180 | O9: 4 | P9: Абдуллаева М.Н. ШТ | Q9: =SUMIF($C$6:$C$121,$P9,D$6:D$121)+SUMIF($I$6:$I$106,$P9,J$6:J$117) -> 162 | R9: =SUMIF($C$6:$C$121,$P9,E$6:E$121)+SUMIF($I$6:$I$106,$P9,K$6:K$117) -> 38 | S9: =SUM(Q9:R9) -> 200 | T9: =S9/720 -> 0.27777778 | U9: С 1.03.2026 на почасовую
B10: 5 | C10: Абдыкеримова А.Н. | D10: =SUMIF(Бюджет!V$8:V$77,$C10,Бюджет!X$8:X$107) -> 354 | E10: =SUMIF(Бюджет!V$8:V$77,$C10,Бюджет!Y$8:Y$107) -> 296 | F10: =SUM(D10:E10) -> 650 | H10: 5 | I10: Абдыкеримова А.Н. | J10: =SUMIF(Контракт!V$8:V$97,$I10,Контракт!X$8:X$136) -> 30 | K10: =SUMIF(Контракт!V$8:V$97,$I10,Контракт!Y$8:Y$136) -> 400 | L10: =SUM(J10:K10) -> 430 | O10: 5 | P10: Абдыкеримова А.Н. | Q10: =SUMIF($C$6:$C$121,$P10,D$6:D$121)+SUMIF($I$6:$I$106,$P10,J$6:J$117) -> 384 | R10: =SUMIF($C$6:$C$121,$P10,E$6:E$121)+SUMIF($I$6:$I$106,$P10,K$6:K$117) -> 696 | S10: =SUM(Q10:R10) -> 1080 | T10: =S10/720 -> 1.5
B11: 6 | C11: Абдыкеримова К. | D11: =SUMIF(Бюджет!V$8:V$77,$C11,Бюджет!X$8:X$107) -> 243 | E11: =SUMIF(Бюджет!V$8:V$77,$C11,Бюджет!Y$8:Y$107) -> 0 | F11: =SUM(D11:E11) -> 243 | H11: 6 | I11: Абдыкеримова К. | J11: =SUMIF(Контракт!V$8:V$97,$I11,Контракт!X$8:X$136) -> 303 | K11: =SUMIF(Контракт!V$8:V$97,$I11,Контракт!Y$8:Y$136) -> 0 | L11: =SUM(J11:K11) -> 303 | O11: 6 | P11: Абдыкеримова К. | Q11: =SUMIF($C$6:$C$121,$P11,D$6:D$121)+SUMIF($I$6:$I$106,$P11,J$6:J$117) -> 546 | R11: =SUMIF($C$6:$C$121,$P11,E$6:E$121)+SUMIF($I$6:$I$106,$P11,K$6:K$117) -> 0 | S11: =SUM(Q11:R11) -> 546 | T11: =S11/720 -> 0.75833333
B12: 7 | C12: Азизова Н. | D12: =SUMIF(Бюджет!V$8:V$77,$C12,Бюджет!X$8:X$107) -> 261 | E12: =SUMIF(Бюджет!V$8:V$77,$C12,Бюджет!Y$8:Y$107) -> 138 | F12: =SUM(D12:E12) -> 399 | H12: 7 | I12: Азизова Н. | J12: =SUMIF(Контракт!V$8:V$97,$I12,Контракт!X$8:X$136) -> 312 | K12: =SUMIF(Контракт!V$8:V$97,$I12,Контракт!Y$8:Y$136) -> 369 | L12: =SUM(J12:K12) -> 681 | O12: 7 | P12: Азизова Н. | Q12: =SUMIF($C$6:$C$121,$P12,D$6:D$121)+SUMIF($I$6:$I$106,$P12,J$6:J$117) -> 573 | R12: =SUMIF($C$6:$C$121,$P12,E$6:E$121)+SUMIF($I$6:$I$106,$P12,K$6:K$117) -> 507 | S12: =SUM(Q12:R12) -> 1080 | T12: =S12/720 -> 1.5
B13: 8 | C13: Акимканова А. | D13: =SUMIF(Бюджет!V$8:V$77,$C13,Бюджет!X$8:X$107) -> 96 | E13: =SUMIF(Бюджет!V$8:V$77,$C13,Бюджет!Y$8:Y$107) -> 0 | F13: =SUM(D13:E13) -> 96 | H13: 8 | I13: Айбашева А. | J13: =SUMIF(Контракт!V$8:V$97,$I13,Контракт!X$8:X$136) -> 120 | K13: =SUMIF(Контракт!V$8:V$97,$I13,Контракт!Y$8:Y$136) -> 0 | L13: =SUM(J13:K13) -> 120 | O13: 8 | P13: Айбашева А. | Q13: =SUMIF($C$6:$C$121,$P13,D$6:D$121)+SUMIF($I$6:$I$106,$P13,J$6:J$117) -> 120 | R13: =SUMIF($C$6:$C$121,$P13,E$6:E$121)+SUMIF($I$6:$I$106,$P13,K$6:K$117) -> 0 | S13: =SUM(Q13:R13) -> 120 | T13: =S13/720 -> 0.16666667
B14: 9 | C14: Акматова Ж. | D14: =SUMIF(Бюджет!V$8:V$77,$C14,Бюджет!X$8:X$107) -> 0 | E14: =SUMIF(Бюджет!V$8:V$77,$C14,Бюджет!Y$8:Y$107) -> 42 | F14: =SUM(D14:E14) -> 42 | H14: 9 | I14: Акимканова А. | J14: =SUMIF(Контракт!V$8:V$97,$I14,Контракт!X$8:X$136) -> 30 | K14: =SUMIF(Контракт!V$8:V$97,$I14,Контракт!Y$8:Y$136) -> 0 | L14: =SUM(J14:K14) -> 30 | O14: 9 | P14: Акимканова А. | Q14: =SUMIF($C$6:$C$121,$P14,D$6:D$121)+SUMIF($I$6:$I$106,$P14,J$6:J$117) -> 126 | R14: =SUMIF($C$6:$C$121,$P14,E$6:E$121)+SUMIF($I$6:$I$106,$P14,K$6:K$117) -> 0 | S14: =SUM(Q14:R14) -> 126 | T14: =S14/720 -> 0.175
B15: 10 | C15: Акунова Ч. | D15: =SUMIF(Бюджет!V$8:V$77,$C15,Бюджет!X$8:X$107) -> 54 | E15: =SUMIF(Бюджет!V$8:V$77,$C15,Бюджет!Y$8:Y$107) -> 0 | F15: =SUM(D15:E15) -> 54 | H15: 10 | I15: Акматов У.О. | J15: =SUMIF(Контракт!V$8:V$97,$I15,Контракт!X$8:X$136) -> 554 | K15: =SUMIF(Контракт!V$8:V$97,$I15,Контракт!Y$8:Y$136) -> 468 | L15: =SUM(J15:K15) -> 1022 | O15: 10 | P15: Акматов У.О. | Q15: =SUMIF($C$6:$C$121,$P15,D$6:D$121)+SUMIF($I$6:$I$106,$P15,J$6:J$117) -> 554 | R15: =SUMIF($C$6:$C$121,$P15,E$6:E$121)+SUMIF($I$6:$I$106,$P15,K$6:K$117) -> 468 | S15: =SUM(Q15:R15) -> 1022 | T15: =S15/720 -> 1.4194444
B16: 11 | C16: Акунова Ч. ВНЕШТ | D16: =SUMIF(Бюджет!V$8:V$77,$C16,Бюджет!X$8:X$107) -> 0 | E16: =SUMIF(Бюджет!V$8:V$77,$C16,Бюджет!Y$8:Y$107) -> 109 | F16: =SUM(D16:E16) -> 109 | H16: 11 | I16: Акматова Ж. | J16: =SUMIF(Контракт!V$8:V$97,$I16,Контракт!X$8:X$136) -> 33 | K16: =SUMIF(Контракт!V$8:V$97,$I16,Контракт!Y$8:Y$136) -> 0 | L16: =SUM(J16:K16) -> 33 | O16: 11 | P16: Акматова Ж. | Q16: =SUMIF($C$6:$C$121,$P16,D$6:D$121)+SUMIF($I$6:$I$106,$P16,J$6:J$117) -> 33 | R16: =SUMIF($C$6:$C$121,$P16,E$6:E$121)+SUMIF($I$6:$I$106,$P16,K$6:K$117) -> 42 | S16: =SUM(Q16:R16) -> 75 | T16: =S16/720 -> 0.10416667
B17: 12 | C17: Алиева Х.О. | D17: =SUMIF(Бюджет!V$8:V$77,$C17,Бюджет!X$8:X$107) -> 90 | E17: =SUMIF(Бюджет!V$8:V$77,$C17,Бюджет!Y$8:Y$107) -> 225 | F17: =SUM(D17:E17) -> 315 | H17: 12 | I17: Акунова Ч. | J17: =SUMIF(Контракт!V$8:V$97,$I17,Контракт!X$8:X$136) -> 89 | K17: =SUMIF(Контракт!V$8:V$97,$I17,Контракт!Y$8:Y$136) -> 0 | L17: =SUM(J17:K17) -> 89 | O17: 12 | P17: Акунова Ч. | Q17: =SUMIF($C$6:$C$121,$P17,D$6:D$121)+SUMIF($I$6:$I$106,$P17,J$6:J$117) -> 143 | R17: =SUMIF($C$6:$C$121,$P17,E$6:E$121)+SUMIF($I$6:$I$106,$P17,K$6:K$117) -> 0 | S17: =SUM(Q17:R17) -> 143 | T17: =S17/720 -> 0.19861111
B18: 13 | C18: Аманатова А. | D18: =SUMIF(Бюджет!V$8:V$77,$C18,Бюджет!X$8:X$107) -> 156 | E18: =SUMIF(Бюджет!V$8:V$77,$C18,Бюджет!Y$8:Y$107) -> 42 | F18: =SUM(D18:E18) -> 198 | H18: 13 | I18: Акунова Ч. ВНЕШТ | J18: =SUMIF(Контракт!V$8:V$97,$I18,Контракт!X$8:X$136) -> 0 | K18: =SUMIF(Контракт!V$8:V$97,$I18,Контракт!Y$8:Y$136) -> 156 | L18: =SUM(J18:K18) -> 156 | O18: 13 | P18: Акунова Ч. ВНЕШТ | Q18: =SUMIF($C$6:$C$121,$P18,D$6:D$121)+SUMIF($I$6:$I$106,$P18,J$6:J$117) -> 0 | R18: =SUMIF($C$6:$C$121,$P18,E$6:E$121)+SUMIF($I$6:$I$106,$P18,K$6:K$117) -> 265 | S18: =SUM(Q18:R18) -> 265 | T18: =S18/720 -> 0.36805556
B19: 14 | C19: Аманкелдиева А. | D19: =SUMIF(Бюджет!V$8:V$77,$C19,Бюджет!X$8:X$107) -> 81 | E19: =SUMIF(Бюджет!V$8:V$77,$C19,Бюджет!Y$8:Y$107) -> 81 | F19: =SUM(D19:E19) -> 162 | H19: 14 | I19: Алиева Х.О. | J19: =SUMIF(Контракт!V$8:V$97,$I19,Контракт!X$8:X$136) -> 288 | K19: =SUMIF(Контракт!V$8:V$97,$I19,Контракт!Y$8:Y$136) -> 477 | L19: =SUM(J19:K19) -> 765 | O19: 14 | P19: Алиева Х.О. | Q19: =SUMIF($C$6:$C$121,$P19,D$6:D$121)+SUMIF($I$6:$I$106,$P19,J$6:J$117) -> 378 | R19: =SUMIF($C$6:$C$121,$P19,E$6:E$121)+SUMIF($I$6:$I$106,$P19,K$6:K$117) -> 702 | S19: =SUM(Q19:R19) -> 1080 | T19: =S19/720 -> 1.5
B20: 15 | C20: Асаналиева Г. | D20: =SUMIF(Бюджет!V$8:V$77,$C20,Бюджет!X$8:X$107) -> 0 | E20: =SUMIF(Бюджет!V$8:V$77,$C20,Бюджет!Y$8:Y$107) -> 111 | F20: =SUM(D20:E20) -> 111 | H20: 15 | I20: Аманатова А. | J20: =SUMIF(Контракт!V$8:V$97,$I20,Контракт!X$8:X$136) -> 408 | K20: =SUMIF(Контракт!V$8:V$97,$I20,Контракт!Y$8:Y$136) -> 374 | L20: =SUM(J20:K20) -> 782 | O20: 15 | P20: Аманатова А. | Q20: =SUMIF($C$6:$C$121,$P20,D$6:D$121)+SUMIF($I$6:$I$106,$P20,J$6:J$117) -> 564 | R20: =SUMIF($C$6:$C$121,$P20,E$6:E$121)+SUMIF($I$6:$I$106,$P20,K$6:K$117) -> 416 | S20: =SUM(Q20:R20) -> 980 | T20: =S20/720 -> 1.3611111
B21: 16 | C21: Аскарбеков Б. | D21: =SUMIF(Бюджет!V$8:V$77,$C21,Бюджет!X$8:X$107) -> 0 | E21: =SUMIF(Бюджет!V$8:V$77,$C21,Бюджет!Y$8:Y$107) -> 66 | F21: =SUM(D21:E21) -> 66 | H21: 16 | I21: Аманкелдиева А. | J21: =SUMIF(Контракт!V$8:V$97,$I21,Контракт!X$8:X$136) -> 93 | K21: =SUMIF(Контракт!V$8:V$97,$I21,Контракт!Y$8:Y$136) -> 93 | L21: =SUM(J21:K21) -> 186 | O21: 16 | P21: Аманкелдиева А. | Q21: =SUMIF($C$6:$C$121,$P21,D$6:D$121)+SUMIF($I$6:$I$106,$P21,J$6:J$117) -> 174 | R21: =SUMIF($C$6:$C$121,$P21,E$6:E$121)+SUMIF($I$6:$I$106,$P21,K$6:K$117) -> 174 | S21: =SUM(Q21:R21) -> 348 | T21: =S21/720 -> 0.48333333
... B25: 20 | C25: Гениевская Н. | D25: =SUMIF(Бюджет!V$8:V$77,$C25,Бюджет!X$8:X$107) -> 240 | E25: =SUMIF(Бюджет!V$8:V$77,$C25,Бюджет!Y$8:Y$107) -> 207 | F25: =SUM(D25:E25) -> 447 | H25: 20 | I25: Асылбекова А. | J25: =SUMIF(Контракт!V$8:V$97,$I25,Контракт!X$8:X$136) -> 153 | K25: =SUMIF(Контракт!V$8:V$97,$I25,Контракт!Y$8:Y$136) -> 0 | L25: =SUM(J25:K25) -> 153 | O25: 20 | P25: Асылбекова А. | Q25: =SUMIF($C$6:$C$121,$P25,D$6:D$121)+SUMIF($I$6:$I$106,$P25,J$6:J$117) -> 153 | R25: =SUMIF($C$6:$C$121,$P25,E$6:E$121)+SUMIF($I$6:$I$106,$P25,K$6:K$117) -> 0 | S25: =SUM(Q25:R25) -> 153 | T25: =S25/720 -> 0.2125
B26: 21 | C26: Герасимчук А. | D26: =SUMIF(Бюджет!V$8:V$77,$C26,Бюджет!X$8:X$107) -> 333 | E26: =SUMIF(Бюджет!V$8:V$77,$C26,Бюджет!Y$8:Y$107) -> 445 | F26: =SUM(D26:E26) -> 778 | H26: 21 | I26: Аширахманова Г.Б. | J26: =SUMIF(Контракт!V$8:V$97,$I26,Контракт!X$8:X$136) -> 54 | K26: =SUMIF(Контракт!V$8:V$97,$I26,Контракт!Y$8:Y$136) -> 78 | L26: =SUM(J26:K26) -> 132 | O26: 21 | P26: Аширахманова Г.Б. | Q26: =SUMIF($C$6:$C$121,$P26,D$6:D$121)+SUMIF($I$6:$I$106,$P26,J$6:J$117) -> 120 | R26: =SUMIF($C$6:$C$121,$P26,E$6:E$121)+SUMIF($I$6:$I$106,$P26,K$6:K$117) -> 240 | S26: =SUM(Q26:R26) -> 360 | T26: =S26/720 -> 0.5 | U26: 0.5
B27: 22 | C27: Дженбекова А. | D27: =SUMIF(Бюджет!V$8:V$77,$C27,Бюджет!X$8:X$107) -> 118 | E27: =SUMIF(Бюджет!V$8:V$77,$C27,Бюджет!Y$8:Y$107) -> 189 | F27: =SUM(D27:E27) -> 307 | H27: 22 | I27: Бейсенбиева А. | J27: =SUMIF(Контракт!V$8:V$97,$I27,Контракт!X$8:X$136) -> 204 | K27: =SUMIF(Контракт!V$8:V$97,$I27,Контракт!Y$8:Y$136) -> 327 | L27: =SUM(J27:K27) -> 531 | O27: 22 | P27: Бейсенбиева А. | Q27: =SUMIF($C$6:$C$121,$P27,D$6:D$121)+SUMIF($I$6:$I$106,$P27,J$6:J$117) -> 501 | R27: =SUMIF($C$6:$C$121,$P27,E$6:E$121)+SUMIF($I$6:$I$106,$P27,K$6:K$117) -> 579 | S27: =SUM(Q27:R27) -> 1080 | T27: =S27/720 -> 1.5
B28: 23 | C28: Джолдошева Д.Э. | D28: =SUMIF(Бюджет!V$8:V$77,$C28,Бюджет!X$8:X$107) -> 117 | E28: =SUMIF(Бюджет!V$8:V$77,$C28,Бюджет!Y$8:Y$107) -> 81 | F28: =SUM(D28:E28) -> 198 | H28: 23 | I28: Бектурганова Н.Н. | J28: =SUMIF(Контракт!V$8:V$97,$I28,Контракт!X$8:X$136) -> 510 | K28: =SUMIF(Контракт!V$8:V$97,$I28,Контракт!Y$8:Y$136) -> 570 | L28: =SUM(J28:K28) -> 1080 | O28: 23 | P28: Бектурганова Н.Н. | Q28: =SUMIF($C$6:$C$121,$P28,D$6:D$121)+SUMIF($I$6:$I$106,$P28,J$6:J$117) -> 510 | R28: =SUMIF($C$6:$C$121,$P28,E$6:E$121)+SUMIF($I$6:$I$106,$P28,K$6:K$117) -> 570 | S28: =SUM(Q28:R28) -> 1080 | T28: =S28/720 -> 1.5
B29: 24 | C29: Дикамбаев М. | D29: =SUMIF(Бюджет!V$8:V$77,$C29,Бюджет!X$8:X$107) -> 0 | E29: =SUMIF(Бюджет!V$8:V$77,$C29,Бюджет!Y$8:Y$107) -> 177 | F29: =SUM(D29:E29) -> 177 | H29: 24 | I29: Гениевская Н. | J29: =SUMIF(Контракт!V$8:V$97,$I29,Контракт!X$8:X$136) -> 186 | K29: =SUMIF(Контракт!V$8:V$97,$I29,Контракт!Y$8:Y$136) -> 78 | L29: =SUM(J29:K29) -> 264 | O29: 24 | P29: Гениевская Н. | Q29: =SUMIF($C$6:$C$121,$P29,D$6:D$121)+SUMIF($I$6:$I$106,$P29,J$6:J$117) -> 426 | R29: =SUMIF($C$6:$C$121,$P29,E$6:E$121)+SUMIF($I$6:$I$106,$P29,K$6:K$117) -> 285 | S29: =SUM(Q29:R29) -> 711 | T29: =S29/720 -> 0.9875
B30: 25 | C30: Дикамбаев М. ВНЕШ | D30: =SUMIF(Бюджет!V$8:V$77,$C30,Бюджет!X$8:X$107) -> 0 | E30: =SUMIF(Бюджет!V$8:V$77,$C30,Бюджет!Y$8:Y$107) -> 18 | F30: =SUM(D30:E30) -> 18 | H30: 25 | I30: Герасимчук А. | J30: =SUMIF(Контракт!V$8:V$97,$I30,Контракт!X$8:X$136) -> 216 | K30: =SUMIF(Контракт!V$8:V$97,$I30,Контракт!Y$8:Y$136) -> 86 | L30: =SUM(J30:K30) -> 302 | O30: 25 | P30: Герасимчук А. | Q30: =SUMIF($C$6:$C$121,$P30,D$6:D$121)+SUMIF($I$6:$I$106,$P30,J$6:J$117) -> 549 | R30: =SUMIF($C$6:$C$121,$P30,E$6:E$121)+SUMIF($I$6:$I$106,$P30,K$6:K$117) -> 531 | S30: =SUM(Q30:R30) -> 1080 | T30: =S30/720 -> 1.5
B31: 26 | C31: Жакыпбеков К.Ш. | D31: =SUMIF(Бюджет!V$8:V$77,$C31,Бюджет!X$8:X$107) -> 222 | E31: =SUMIF(Бюджет!V$8:V$77,$C31,Бюджет!Y$8:Y$107) -> 66 | F31: =SUM(D31:E31) -> 288 | H31: 26 | I31: Дженбекова А. | J31: =SUMIF(Контракт!V$8:V$97,$I31,Контракт!X$8:X$136) -> 383 | K31: =SUMIF(Контракт!V$8:V$97,$I31,Контракт!Y$8:Y$136) -> 390 | L31: =SUM(J31:K31) -> 773 | O31: 26 | P31: Дженбекова А. | Q31: =SUMIF($C$6:$C$121,$P31,D$6:D$121)+SUMIF($I$6:$I$106,$P31,J$6:J$117) -> 501 | R31: =SUMIF($C$6:$C$121,$P31,E$6:E$121)+SUMIF($I$6:$I$106,$P31,K$6:K$117) -> 579 | S31: =SUM(Q31:R31) -> 1080 | T31: =S31/720 -> 1.5
B32: 27 | C32: Желденбаева Г. | D32: =SUMIF(Бюджет!V$8:V$77,$C32,Бюджет!X$8:X$107) -> 104 | E32: =SUMIF(Бюджет!V$8:V$77,$C32,Бюджет!Y$8:Y$107) -> 0 | F32: =SUM(D32:E32) -> 104 | H32: 27 | I32: Джолдошева Д.Э. | J32: =SUMIF(Контракт!V$8:V$97,$I32,Контракт!X$8:X$136) -> 117 | K32: =SUMIF(Контракт!V$8:V$97,$I32,Контракт!Y$8:Y$136) -> 54 | L32: =SUM(J32:K32) -> 171 | O32: 27 | P32: Джолдошева Д.Э. | Q32: =SUMIF($C$6:$C$121,$P32,D$6:D$121)+SUMIF($I$6:$I$106,$P32,J$6:J$117) -> 234 | R32: =SUMIF($C$6:$C$121,$P32,E$6:E$121)+SUMIF($I$6:$I$106,$P32,K$6:K$117) -> 135 | S32: =SUM(Q32:R32) -> 369 | T32: =S32/720 -> 0.5125
B33: 28 | C33: Жидебаева Н.Т. | D33: =SUMIF(Бюджет!V$8:V$77,$C33,Бюджет!X$8:X$107) -> 278 | E33: =SUMIF(Бюджет!V$8:V$77,$C33,Бюджет!Y$8:Y$107) -> 291 | F33: =SUM(D33:E33) -> 569 | H33: 28 | I33: Джумабекова Н. | J33: =SUMIF(Контракт!V$8:V$97,$I33,Контракт!X$8:X$136) -> 42 | K33: =SUMIF(Контракт!V$8:V$97,$I33,Контракт!Y$8:Y$136) -> 54 | L33: =SUM(J33:K33) -> 96 | O33: 28 | P33: Джумабекова Н. | Q33: =SUMIF($C$6:$C$121,$P33,D$6:D$121)+SUMIF($I$6:$I$106,$P33,J$6:J$117) -> 42 | R33: =SUMIF($C$6:$C$121,$P33,E$6:E$121)+SUMIF($I$6:$I$106,$P33,K$6:K$117) -> 54 | S33: =SUM(Q33:R33) -> 96 | T33: =S33/720 -> 0.13333333
B34: 29 | C34: Замирбекова К. | D34: =SUMIF(Бюджет!V$8:V$77,$C34,Бюджет!X$8:X$107) -> 225 | E34: =SUMIF(Бюджет!V$8:V$77,$C34,Бюджет!Y$8:Y$107) -> 102 | F34: =SUM(D34:E34) -> 327 | H34: 29 | I34: Дикамбаев М. | J34: =SUMIF(Контракт!V$8:V$97,$I34,Контракт!X$8:X$136) -> 0 | K34: =SUMIF(Контракт!V$8:V$97,$I34,Контракт!Y$8:Y$136) -> 393 | L34: =SUM(J34:K34) -> 393 | O34: 29 | P34: Дикамбаев М. | Q34: =SUMIF($C$6:$C$121,$P34,D$6:D$121)+SUMIF($I$6:$I$106,$P34,J$6:J$117) -> 0 | R34: =SUMIF($C$6:$C$121,$P34,E$6:E$121)+SUMIF($I$6:$I$106,$P34,K$6:K$117) -> 570 | S34: =SUM(Q34:R34) -> 570 | T34: =S34/720 -> 0.79166667
B35: 30 | C35: Иманалиева А. | D35: =SUMIF(Бюджет!V$8:V$77,$C35,Бюджет!X$8:X$107) -> 8 | E35: =SUMIF(Бюджет!V$8:V$77,$C35,Бюджет!Y$8:Y$107) -> 0 | F35: =SUM(D35:E35) -> 8 | H35: 30 | I35: Жакыпбеков К.Ш. | J35: =SUMIF(Контракт!V$8:V$97,$I35,Контракт!X$8:X$136) -> 393 | K35: =SUMIF(Контракт!V$8:V$97,$I35,Контракт!Y$8:Y$136) -> 54 | L35: =SUM(J35:K35) -> 447 | O35: 30 | P35: Дикамбаев М. ВНЕШ | Q35: =SUMIF($C$6:$C$121,$P35,D$6:D$121)+SUMIF($I$6:$I$106,$P35,J$6:J$117) -> 0 | R35: =SUMIF($C$6:$C$121,$P35,E$6:E$121)+SUMIF($I$6:$I$106,$P35,K$6:K$117) -> 18 | S35: =SUM(Q35:R35) -> 18
B36: 31 | C36: Исалиева Г.Б. | D36: =SUMIF(Бюджет!V$8:V$77,$C36,Бюджет!X$8:X$107) -> 150 | E36: =SUMIF(Бюджет!V$8:V$77,$C36,Бюджет!Y$8:Y$107) -> 0 | F36: =SUM(D36:E36) -> 150 | H36: 31 | I36: Жамангараева Ж.С. | J36: =SUMIF(Контракт!V$8:V$97,$I36,Контракт!X$8:X$136) -> 192 | K36: =SUMIF(Контракт!V$8:V$97,$I36,Контракт!Y$8:Y$136) -> 132 | L36: =SUM(J36:K36) -> 324 | O36: 31 | P36: Жакыпбеков К.Ш. | Q36: =SUMIF($C$6:$C$121,$P36,D$6:D$121)+SUMIF($I$6:$I$106,$P36,J$6:J$117) -> 615 | R36: =SUMIF($C$6:$C$121,$P36,E$6:E$121)+SUMIF($I$6:$I$106,$P36,K$6:K$117) -> 120 | S36: =SUM(Q36:R36) -> 735 | T36: =S36/720 -> 1.0208333
B37: 32 | C37: Исмаилова З.Д. | D37: =SUMIF(Бюджет!V$8:V$77,$C37,Бюджет!X$8:X$107) -> 128 | E37: =SUMIF(Бюджет!V$8:V$77,$C37,Бюджет!Y$8:Y$107) -> 123 | F37: =SUM(D37:E37) -> 251 | H37: 32 | I37: Желденбаева Г. | J37: =SUMIF(Контракт!V$8:V$97,$I37,Контракт!X$8:X$136) -> 304 | K37: =SUMIF(Контракт!V$8:V$97,$I37,Контракт!Y$8:Y$136) -> 312 | L37: =SUM(J37:K37) -> 616 | O37: 32 | P37: Жамангараева Ж.С. | Q37: =SUMIF($C$6:$C$121,$P37,D$6:D$121)+SUMIF($I$6:$I$106,$P37,J$6:J$117) -> 192 | R37: =SUMIF($C$6:$C$121,$P37,E$6:E$121)+SUMIF($I$6:$I$106,$P37,K$6:K$117) -> 132 | S37: =SUM(Q37:R37) -> 324 | T37: =S37/720 -> 0.45
B38: 33 | C38: Кадыракун у. К. | D38: =SUMIF(Бюджет!V$8:V$77,$C38,Бюджет!X$8:X$107) -> 108 | E38: =SUMIF(Бюджет!V$8:V$77,$C38,Бюджет!Y$8:Y$107) -> 96 | F38: =SUM(D38:E38) -> 204 | H38: 33 | I38: Жидебаева Н.Т. | J38: =SUMIF(Контракт!V$8:V$97,$I38,Контракт!X$8:X$136) -> 293 | K38: =SUMIF(Контракт!V$8:V$97,$I38,Контракт!Y$8:Y$136) -> 218 | L38: =SUM(J38:K38) -> 511 | O38: 33 | P38: Желденбаева Г. | Q38: =SUMIF($C$6:$C$121,$P38,D$6:D$121)+SUMIF($I$6:$I$106,$P38,J$6:J$117) -> 408 | R38: =SUMIF($C$6:$C$121,$P38,E$6:E$121)+SUMIF($I$6:$I$106,$P38,K$6:K$117) -> 312 | S38: =SUM(Q38:R38) -> 720 | T38: =S38/720 -> 1 | U38: 1
B39: 34 | C39: Карыбаев Т. | D39: =SUMIF(Бюджет!V$8:V$77,$C39,Бюджет!X$8:X$107) -> 99 | E39: =SUMIF(Бюджет!V$8:V$77,$C39,Бюджет!Y$8:Y$107) -> 0 | F39: =SUM(D39:E39) -> 99 | H39: 34 | I39: Жыргалбек к. К. | J39: =SUMIF(Контракт!V$8:V$97,$I39,Контракт!X$8:X$136) -> 540 | K39: =SUMIF(Контракт!V$8:V$97,$I39,Контракт!Y$8:Y$136) -> 540 | L39: =SUM(J39:K39) -> 1080 | O39: 34 | P39: Жидебаева Н.Т. | Q39: =SUMIF($C$6:$C$121,$P39,D$6:D$121)+SUMIF($I$6:$I$106,$P39,J$6:J$117) -> 571 | R39: =SUMIF($C$6:$C$121,$P39,E$6:E$121)+SUMIF($I$6:$I$106,$P39,K$6:K$117) -> 509 | S39: =SUM(Q39:R39) -> 1080 | T39: =S39/720 -> 1.5
B40: 35 | C40: Карыбаева М. | D40: =SUMIF(Бюджет!V$8:V$77,$C40,Бюджет!X$8:X$107) -> 114 | E40: =SUMIF(Бюджет!V$8:V$77,$C40,Бюджет!Y$8:Y$107) -> 0 | F40: =SUM(D40:E40) -> 114 | H40: 35 | I40: Замирбекова К. | J40: =SUMIF(Контракт!V$8:V$97,$I40,Контракт!X$8:X$136) -> 447 | K40: =SUMIF(Контракт!V$8:V$97,$I40,Контракт!Y$8:Y$136) -> 306 | L40: =SUM(J40:K40) -> 753 | O40: 35 | P40: Жыргалбек к. К. | Q40: =SUMIF($C$6:$C$121,$P40,D$6:D$121)+SUMIF($I$6:$I$106,$P40,J$6:J$117) -> 540 | R40: =SUMIF($C$6:$C$121,$P40,E$6:E$121)+SUMIF($I$6:$I$106,$P40,K$6:K$117) -> 540 | S40: =SUM(Q40:R40) -> 1080 | T40: =S40/720 -> 1.5
B41: 36 | C41: Касеева Н. | D41: =SUMIF(Бюджет!V$8:V$77,$C41,Бюджет!X$8:X$107) -> 228 | E41: =SUMIF(Бюджет!V$8:V$77,$C41,Бюджет!Y$8:Y$107) -> 84 | F41: =SUM(D41:E41) -> 312 | H41: 36 | I41: Иманалиева А. | J41: =SUMIF(Контракт!V$8:V$97,$I41,Контракт!X$8:X$136) -> 120 | K41: =SUMIF(Контракт!V$8:V$97,$I41,Контракт!Y$8:Y$136) -> 78 | L41: =SUM(J41:K41) -> 198 | O41: 36 | P41: Замирбекова К. | Q41: =SUMIF($C$6:$C$121,$P41,D$6:D$121)+SUMIF($I$6:$I$106,$P41,J$6:J$117) -> 672 | R41: =SUMIF($C$6:$C$121,$P41,E$6:E$121)+SUMIF($I$6:$I$106,$P41,K$6:K$117) -> 408 | S41: =SUM(Q41:R41) -> 1080 | T41: =S41/720 -> 1.5
B42: 37 | C42: Кубатова А. | D42: =SUMIF(Бюджет!V$8:V$77,$C42,Бюджет!X$8:X$107) -> 432 | E42: =SUMIF(Бюджет!V$8:V$77,$C42,Бюджет!Y$8:Y$107) -> 319 | F42: =SUM(D42:E42) -> 751 | H42: 37 | I42: Исабекова Н. | J42: =SUMIF(Контракт!V$8:V$97,$I42,Контракт!X$8:X$136) -> 0 | K42: =SUMIF(Контракт!V$8:V$97,$I42,Контракт!Y$8:Y$136) -> 288 | L42: =SUM(J42:K42) -> 288 | O42: 37 | P42: Иманалиева А. | Q42: =SUMIF($C$6:$C$121,$P42,D$6:D$121)+SUMIF($I$6:$I$106,$P42,J$6:J$117) -> 128 | R42: =SUMIF($C$6:$C$121,$P42,E$6:E$121)+SUMIF($I$6:$I$106,$P42,K$6:K$117) -> 78 | S42: =SUM(Q42:R42) -> 206 | T42: =S42/720 -> 0.28611111
B43: 38 | C43: Кудайбергенова Э. | D43: =SUMIF(Бюджет!V$8:V$77,$C43,Бюджет!X$8:X$107) -> 153 | E43: =SUMIF(Бюджет!V$8:V$77,$C43,Бюджет!Y$8:Y$107) -> 0 | F43: =SUM(D43:E43) -> 153 | H43: 38 | I43: Исалиева Г.Б. | J43: =SUMIF(Контракт!V$8:V$97,$I43,Контракт!X$8:X$136) -> 228 | K43: =SUMIF(Контракт!V$8:V$97,$I43,Контракт!Y$8:Y$136) -> 342 | L43: =SUM(J43:K43) -> 570 | O43: 38 | P43: Исабекова Н. | Q43: =SUMIF($C$6:$C$121,$P43,D$6:D$121)+SUMIF($I$6:$I$106,$P43,J$6:J$117) -> 0 | R43: =SUMIF($C$6:$C$121,$P43,E$6:E$121)+SUMIF($I$6:$I$106,$P43,K$6:K$117) -> 288 | S43: =SUM(Q43:R43) -> 288 | T43: =S43/720 -> 0.4 | U43: Пал помощь, Инф бол, желательно бюджет
B44: 39 | C44: Кулукеева Д. | D44: =SUMIF(Бюджет!V$8:V$77,$C44,Бюджет!X$8:X$107) -> 90 | E44: =SUMIF(Бюджет!V$8:V$77,$C44,Бюджет!Y$8:Y$107) -> 192 | F44: =SUM(D44:E44) -> 282 | H44: 39 | I44: Исмаилова З.Д. | J44: =SUMIF(Контракт!V$8:V$97,$I44,Контракт!X$8:X$136) -> 114 | K44: =SUMIF(Контракт!V$8:V$97,$I44,Контракт!Y$8:Y$136) -> 94 | L44: =SUM(J44:K44) -> 208 | O44: 39 | P44: Исалиева Г.Б. | Q44: =SUMIF($C$6:$C$121,$P44,D$6:D$121)+SUMIF($I$6:$I$106,$P44,J$6:J$117) -> 378 | R44: =SUMIF($C$6:$C$121,$P44,E$6:E$121)+SUMIF($I$6:$I$106,$P44,K$6:K$117) -> 342 | S44: =SUM(Q44:R44) -> 720 | T44: =S44/720 -> 1 | U44: 1
B45: 40 | C45: Кучерова В. | D45: =SUMIF(Бюджет!V$8:V$77,$C45,Бюджет!X$8:X$107) -> 291 | E45: =SUMIF(Бюджет!V$8:V$77,$C45,Бюджет!Y$8:Y$107) -> 306 | F45: =SUM(D45:E45) -> 597 | H45: 40 | I45: Кадыракун у. К. | J45: =SUMIF(Контракт!V$8:V$97,$I45,Контракт!X$8:X$136) -> 320 | K45: =SUMIF(Контракт!V$8:V$97,$I45,Контракт!Y$8:Y$136) -> 36 | L45: =SUM(J45:K45) -> 356 | O45: 40 | P45: Исмаилова З.Д. | Q45: =SUMIF($C$6:$C$121,$P45,D$6:D$121)+SUMIF($I$6:$I$106,$P45,J$6:J$117) -> 242 | R45: =SUMIF($C$6:$C$121,$P45,E$6:E$121)+SUMIF($I$6:$I$106,$P45,K$6:K$117) -> 217 | S45: =SUM(Q45:R45) -> 459 | T45: =S45/720 -> 0.6375 | U45: 1
B46: 41 | C46: Майрамбек к. А. | D46: =SUMIF(Бюджет!V$8:V$77,$C46,Бюджет!X$8:X$107) -> 130 | E46: =SUMIF(Бюджет!V$8:V$77,$C46,Бюджет!Y$8:Y$107) -> 0 | F46: =SUM(D46:E46) -> 130 | H46: 41 | I46: Калдыбаева Д.И. | J46: =SUMIF(Контракт!V$8:V$97,$I46,Контракт!X$8:X$136) -> 484 | K46: =SUMIF(Контракт!V$8:V$97,$I46,Контракт!Y$8:Y$136) -> 346 | L46: =SUM(J46:K46) -> 830 | O46: 41 | P46: Кадыракун у. К. | Q46: =SUMIF($C$6:$C$121,$P46,D$6:D$121)+SUMIF($I$6:$I$106,$P46,J$6:J$117) -> 428 | R46: =SUMIF($C$6:$C$121,$P46,E$6:E$121)+SUMIF($I$6:$I$106,$P46,K$6:K$117) -> 132 | S46: =SUM(Q46:R46) -> 560 | T46: =S46/720 -> 0.77777778
B47: 42 | C47: Мамралиева С.А. | D47: =SUMIF(Бюджет!V$8:V$77,$C47,Бюджет!X$8:X$107) -> 306 | E47: =SUMIF(Бюджет!V$8:V$77,$C47,Бюджет!Y$8:Y$107) -> 186 | F47: =SUM(D47:E47) -> 492 | H47: 42 | I47: Карыбаев Т. | J47: =SUMIF(Контракт!V$8:V$97,$I47,Контракт!X$8:X$136) -> 66 | K47: =SUMIF(Контракт!V$8:V$97,$I47,Контракт!Y$8:Y$136) -> 0 | L47: =SUM(J47:K47) -> 66 | O47: 42 | P47: Калдыбаева Д.И. | Q47: =SUMIF($C$6:$C$121,$P47,D$6:D$121)+SUMIF($I$6:$I$106,$P47,J$6:J$117) -> 484 | R47: =SUMIF($C$6:$C$121,$P47,E$6:E$121)+SUMIF($I$6:$I$106,$P47,K$6:K$117) -> 346 | S47: =SUM(Q47:R47) -> 830 | T47: =S47/720 -> 1.1527778
B48: 43 | C48: Махмедов И.Т. | D48: =SUMIF(Бюджет!V$8:V$77,$C48,Бюджет!X$8:X$107) -> 58 | E48: =SUMIF(Бюджет!V$8:V$77,$C48,Бюджет!Y$8:Y$107) -> 60 | F48: =SUM(D48:E48) -> 118 | H48: 43 | I48: Карыбаева М. | J48: =SUMIF(Контракт!V$8:V$97,$I48,Контракт!X$8:X$136) -> 348 | K48: =SUMIF(Контракт!V$8:V$97,$I48,Контракт!Y$8:Y$136) -> 0 | L48: =SUM(J48:K48) -> 348 | O48: 43 | P48: Карыбаев Т. | Q48: =SUMIF($C$6:$C$121,$P48,D$6:D$121)+SUMIF($I$6:$I$106,$P48,J$6:J$117) -> 165 | R48: =SUMIF($C$6:$C$121,$P48,E$6:E$121)+SUMIF($I$6:$I$106,$P48,K$6:K$117) -> 0 | S48: =SUM(Q48:R48) -> 165 | T48: =S48/720 -> 0.22916667
B49: 44 | C49: Молдалиева Б. | D49: =SUMIF(Бюджет!V$8:V$77,$C49,Бюджет!X$8:X$107) -> 120 | E49: =SUMIF(Бюджет!V$8:V$77,$C49,Бюджет!Y$8:Y$107) -> 72 | F49: =SUM(D49:E49) -> 192 | H49: 44 | I49: Касеева Н. | J49: =SUMIF(Контракт!V$8:V$97,$I49,Контракт!X$8:X$136) -> 570 | K49: =SUMIF(Контракт!V$8:V$97,$I49,Контракт!Y$8:Y$136) -> 162 | L49: =SUM(J49:K49) -> 732 | O49: 44 | P49: Карыбаева М. | Q49: =SUMIF($C$6:$C$121,$P49,D$6:D$121)+SUMIF($I$6:$I$106,$P49,J$6:J$117) -> 462 | R49: =SUMIF($C$6:$C$121,$P49,E$6:E$121)+SUMIF($I$6:$I$106,$P49,K$6:K$117) -> 0 | S49: =SUM(Q49:R49) -> 462 | T49: =S49/720 -> 0.64166667
B50: 45 | C50: Мусаева Э. | D50: =SUMIF(Бюджет!V$8:V$77,$C50,Бюджет!X$8:X$107) -> 58 | E50: =SUMIF(Бюджет!V$8:V$77,$C50,Бюджет!Y$8:Y$107) -> 208 | F50: =SUM(D50:E50) -> 266 | H50: 45 | I50: Керимахунова Д. | J50: =SUMIF(Контракт!V$8:V$97,$I50,Контракт!X$8:X$136) -> 130 | K50: =SUMIF(Контракт!V$8:V$97,$I50,Контракт!Y$8:Y$136) -> 76 | L50: =SUM(J50:K50) -> 206 | O50: 45 | P50: Касеева Н. | Q50: =SUMIF($C$6:$C$121,$P50,D$6:D$121)+SUMIF($I$6:$I$106,$P50,J$6:J$117) -> 798 | R50: =SUMIF($C$6:$C$121,$P50,E$6:E$121)+SUMIF($I$6:$I$106,$P50,K$6:K$117) -> 246 | S50: =SUM(Q50:R50) -> 1044 | T50: =S50/720 -> 1.45
B51: 46 | C51: Омуркул к. К. | D51: =SUMIF(Бюджет!V$8:V$77,$C51,Бюджет!X$8:X$107) -> 0 | E51: =SUMIF(Бюджет!V$8:V$77,$C51,Бюджет!Y$8:Y$107) -> 231 | F51: =SUM(D51:E51) -> 231 | H51: 46 | I51: Кубаева Н. | J51: =SUMIF(Контракт!V$8:V$97,$I51,Контракт!X$8:X$136) -> 474 | K51: =SUMIF(Контракт!V$8:V$97,$I51,Контракт!Y$8:Y$136) -> 346 | L51: =SUM(J51:K51) -> 820 | O51: 46 | P51: Керимахунова Д. | Q51: =SUMIF($C$6:$C$121,$P51,D$6:D$121)+SUMIF($I$6:$I$106,$P51,J$6:J$117) -> 130 | R51: =SUMIF($C$6:$C$121,$P51,E$6:E$121)+SUMIF($I$6:$I$106,$P51,K$6:K$117) -> 76 | S51: =SUM(Q51:R51) -> 206 | T51: =S51/720 -> 0.28611111
B52: 47 | C52: Орускулова Т.Р. | D52: =SUMIF(Бюджет!V$8:V$77,$C52,Бюджет!X$8:X$107) -> 250 | E52: =SUMIF(Бюджет!V$8:V$77,$C52,Бюджет!Y$8:Y$107) -> 216 | F52: =SUM(D52:E52) -> 466 | H52: 47 | I52: Кубатбеков К.К. | J52: =SUMIF(Контракт!V$8:V$97,$I52,Контракт!X$8:X$136) -> 618 | K52: =SUMIF(Контракт!V$8:V$97,$I52,Контракт!Y$8:Y$136) -> 462 | L52: =SUM(J52:K52) -> 1080 | O52: 47 | P52: Кубаева Н. | Q52: =SUMIF($C$6:$C$121,$P52,D$6:D$121)+SUMIF($I$6:$I$106,$P52,J$6:J$117) -> 474 | R52: =SUMIF($C$6:$C$121,$P52,E$6:E$121)+SUMIF($I$6:$I$106,$P52,K$6:K$117) -> 346 | S52: =SUM(Q52:R52) -> 820 | T52: =S52/720 -> 1.1388889
B53: 48 | C53: Осмоналиева Г.Д. | D53: =SUMIF(Бюджет!V$8:V$77,$C53,Бюджет!X$8:X$107) -> 114 | E53: =SUMIF(Бюджет!V$8:V$77,$C53,Бюджет!Y$8:Y$107) -> 72 | F53: =SUM(D53:E53) -> 186 | H53: 48 | I53: Кубатова А. | J53: =SUMIF(Контракт!V$8:V$97,$I53,Контракт!X$8:X$136) -> 169 | K53: =SUMIF(Контракт!V$8:V$97,$I53,Контракт!Y$8:Y$136) -> 160 | L53: =SUM(J53:K53) -> 329 | O53: 48 | P53: Кубатбеков К.К. | Q53: =SUMIF($C$6:$C$121,$P53,D$6:D$121)+SUMIF($I$6:$I$106,$P53,J$6:J$117) -> 618 | R53: =SUMIF($C$6:$C$121,$P53,E$6:E$121)+SUMIF($I$6:$I$106,$P53,K$6:K$117) -> 462 | S53: =SUM(Q53:R53) -> 1080 | T53: =S53/720 -> 1.5
B54: 49 | C54: Осмоналиева М. | D54: =SUMIF(Бюджет!V$8:V$77,$C54,Бюджет!X$8:X$107) -> 252 | E54: =SUMIF(Бюджет!V$8:V$77,$C54,Бюджет!Y$8:Y$107) -> 309 | F54: =SUM(D54:E54) -> 561 | H54: 49 | I54: Кудайбергенова Э. | J54: =SUMIF(Контракт!V$8:V$97,$I54,Контракт!X$8:X$136) -> 105 | K54: =SUMIF(Контракт!V$8:V$97,$I54,Контракт!Y$8:Y$136) -> 0 | L54: =SUM(J54:K54) -> 105 | O54: 49 | P54: Кубатова А. | Q54: =SUMIF($C$6:$C$121,$P54,D$6:D$121)+SUMIF($I$6:$I$106,$P54,J$6:J$117) -> 601 | R54: =SUMIF($C$6:$C$121,$P54,E$6:E$121)+SUMIF($I$6:$I$106,$P54,K$6:K$117) -> 479 | S54: =SUM(Q54:R54) -> 1080 | T54: =S54/720 -> 1.5
B55: 50 | C55: Оторбаева Г. | D55: =SUMIF(Бюджет!V$8:V$77,$C55,Бюджет!X$8:X$107) -> 126 | E55: =SUMIF(Бюджет!V$8:V$77,$C55,Бюджет!Y$8:Y$107) -> 0 | F55: =SUM(D55:E55) -> 126 | H55: 50 | I55: Кулукеева Д. | J55: =SUMIF(Контракт!V$8:V$97,$I55,Контракт!X$8:X$136) -> 420 | K55: =SUMIF(Контракт!V$8:V$97,$I55,Контракт!Y$8:Y$136) -> 372 | L55: =SUM(J55:K55) -> 792 | O55: 50 | P55: Кудайбергенова Э. | Q55: =SUMIF($C$6:$C$121,$P55,D$6:D$121)+SUMIF($I$6:$I$106,$P55,J$6:J$117) -> 258 | R55: =SUMIF($C$6:$C$121,$P55,E$6:E$121)+SUMIF($I$6:$I$106,$P55,K$6:K$117) -> 0 | S55: =SUM(Q55:R55) -> 258 | T55: =S55/720 -> 0.35833333
B56: 51 | C56: Рысалиева С. | D56: =SUMIF(Бюджет!V$8:V$77,$C56,Бюджет!X$8:X$107) -> 90 | E56: =SUMIF(Бюджет!V$8:V$77,$C56,Бюджет!Y$8:Y$107) -> 0 | F56: =SUM(D56:E56) -> 90 | H56: 51 | I56: Кучерова В. | J56: =SUMIF(Контракт!V$8:V$97,$I56,Контракт!X$8:X$136) -> 270 | K56: =SUMIF(Контракт!V$8:V$97,$I56,Контракт!Y$8:Y$136) -> 213 | L56: =SUM(J56:K56) -> 483 | O56: 51 | P56: Кулукеева Д. | Q56: =SUMIF($C$6:$C$121,$P56,D$6:D$121)+SUMIF($I$6:$I$106,$P56,J$6:J$117) -> 510 | R56: =SUMIF($C$6:$C$121,$P56,E$6:E$121)+SUMIF($I$6:$I$106,$P56,K$6:K$117) -> 564 | S56: =SUM(Q56:R56) -> 1074 | T56: =S56/720 -> 1.4916667
B57: 52 | C57: Рыскелдиева А.Р. | D57: =SUMIF(Бюджет!V$8:V$77,$C57,Бюджет!X$8:X$107) -> 162 | E57: =SUMIF(Бюджет!V$8:V$77,$C57,Бюджет!Y$8:Y$107) -> 174 | F57: =SUM(D57:E57) -> 336 | H57: 52 | I57: Майрамбек к. А. | J57: =SUMIF(Контракт!V$8:V$97,$I57,Контракт!X$8:X$136) -> 378 | K57: =SUMIF(Контракт!V$8:V$97,$I57,Контракт!Y$8:Y$136) -> 240 | L57: =SUM(J57:K57) -> 618 | O57: 52 | P57: Кучерова В. | Q57: =SUMIF($C$6:$C$121,$P57,D$6:D$121)+SUMIF($I$6:$I$106,$P57,J$6:J$117) -> 561 | R57: =SUMIF($C$6:$C$121,$P57,E$6:E$121)+SUMIF($I$6:$I$106,$P57,K$6:K$117) -> 519 | S57: =SUM(Q57:R57) -> 1080 | T57: =S57/720 -> 1.5
... B74: 69 | C74: Янхаева Я. | D74: =SUMIF(Бюджет!V$8:V$77,$C74,Бюджет!X$8:X$107) -> 76 | E74: =SUMIF(Бюджет!V$8:V$77,$C74,Бюджет!Y$8:Y$107) -> 12 | F74: =SUM(D74:E74) -> 88 | H74: 69 | I74: Стеценко Е. | J74: =SUMIF(Контракт!V$8:V$97,$I74,Контракт!X$8:X$136) -> 122 | K74: =SUMIF(Контракт!V$8:V$97,$I74,Контракт!Y$8:Y$136) -> 78 | L74: =SUM(J74:K74) -> 200 | O74: 69 | P74: Сейитова Э. | Q74: =SUMIF($C$6:$C$121,$P74,D$6:D$121)+SUMIF($I$6:$I$106,$P74,J$6:J$117) -> 477 | R74: =SUMIF($C$6:$C$121,$P74,E$6:E$121)+SUMIF($I$6:$I$106,$P74,K$6:K$117) -> 334 | S74: =SUM(Q74:R74) -> 811 | T74: =S74/720 -> 1.1263889
H75: 70 | I75: Султаналиева Ч. | J75: =SUMIF(Контракт!V$8:V$97,$I75,Контракт!X$8:X$136) -> 318 | K75: =SUMIF(Контракт!V$8:V$97,$I75,Контракт!Y$8:Y$136) -> 288 | L75: =SUM(J75:K75) -> 606 | O75: 70 | P75: Стеценко Е. | Q75: =SUMIF($C$6:$C$121,$P75,D$6:D$121)+SUMIF($I$6:$I$106,$P75,J$6:J$117) -> 270 | R75: =SUMIF($C$6:$C$121,$P75,E$6:E$121)+SUMIF($I$6:$I$106,$P75,K$6:K$117) -> 90 | S75: =SUM(Q75:R75) -> 360 | T75: =S75/720 -> 0.5 | U75: 0.5
H76: 71 | I76: Сурабаев Э. | J76: =SUMIF(Контракт!V$8:V$97,$I76,Контракт!X$8:X$136) -> 156 | K76: =SUMIF(Контракт!V$8:V$97,$I76,Контракт!Y$8:Y$136) -> 156 | L76: =SUM(J76:K76) -> 312 | O76: 71 | P76: Султаналиева Ч. | Q76: =SUMIF($C$6:$C$121,$P76,D$6:D$121)+SUMIF($I$6:$I$106,$P76,J$6:J$117) -> 663 | R76: =SUMIF($C$6:$C$121,$P76,E$6:E$121)+SUMIF($I$6:$I$106,$P76,K$6:K$117) -> 414 | S76: =SUM(Q76:R76) -> 1077 | T76: =S76/720 -> 1.4958333
H77: 72 | I77: Сююмбаева А.И. | J77: =SUMIF(Контракт!V$8:V$97,$I77,Контракт!X$8:X$136) -> 366 | K77: =SUMIF(Контракт!V$8:V$97,$I77,Контракт!Y$8:Y$136) -> 294 | L77: =SUM(J77:K77) -> 660 | O77: 72 | P77: Сурабаев Э. | Q77: =SUMIF($C$6:$C$121,$P77,D$6:D$121)+SUMIF($I$6:$I$106,$P77,J$6:J$117) -> 156 | R77: =SUMIF($C$6:$C$121,$P77,E$6:E$121)+SUMIF($I$6:$I$106,$P77,K$6:K$117) -> 156 | S77: =SUM(Q77:R77) -> 312 | T77: =S77/720 -> 0.43333333
D78: =SUM(D6:D74) -> 9252 | E78: =SUM(E6:E74) -> 7561 | F78: =SUM(F6:F74) -> 16813 | H78: 73 | I78: Токтогулова М. | J78: =SUMIF(Контракт!V$8:V$97,$I78,Контракт!X$8:X$136) -> 258 | K78: =SUMIF(Контракт!V$8:V$97,$I78,Контракт!Y$8:Y$136) -> 357 | L78: =SUM(J78:K78) -> 615 | O78: 73 | P78: Сююмбаева А.И. | Q78: =SUMIF($C$6:$C$121,$P78,D$6:D$121)+SUMIF($I$6:$I$106,$P78,J$6:J$117) -> 532 | R78: =SUMIF($C$6:$C$121,$P78,E$6:E$121)+SUMIF($I$6:$I$106,$P78,K$6:K$117) -> 543 | S78: =SUM(Q78:R78) -> 1075 | T78: =S78/720 -> 1.4930556
H79: 74 | I79: Турсунбаева А. | J79: =SUMIF(Контракт!V$8:V$97,$I79,Контракт!X$8:X$136) -> 208 | K79: =SUMIF(Контракт!V$8:V$97,$I79,Контракт!Y$8:Y$136) -> 0 | L79: =SUM(J79:K79) -> 208 | O79: 74 | P79: Токтогулова М. | Q79: =SUMIF($C$6:$C$121,$P79,D$6:D$121)+SUMIF($I$6:$I$106,$P79,J$6:J$117) -> 435 | R79: =SUMIF($C$6:$C$121,$P79,E$6:E$121)+SUMIF($I$6:$I$106,$P79,K$6:K$117) -> 645 | S79: =SUM(Q79:R79) -> 1080 | T79: =S79/720 -> 1.5
C80: Штат | D80: =SUM(D6,D9:D10,D12:D13,D15:D17,D19:D22,D25:D26,D28:D32,D34:D35,D38:D40,D42:D43,D45:D63,D66,D70:D71) -> 6506 | E80: =SUM(E6,E9:E10,E12:E13,E15:E17,E19:E22,E25:E26,E28:E32,E34:E35,E38:E40,E42:E43,E45:E63,E66,E70:E71) -> 5596 | F80: =SUM(F6,F9:F10,F12:F13,F15:F17,F19:F22,F25:F26,F28:F32,F34:F35,F38:F40,F42:F43,F45:F63,F66,F70:F71) -> 12102 | H80: 75 | I80: Уметов И. | J80: =SUMIF(Контракт!V$8:V$97,$I80,Контракт!X$8:X$136) -> 396 | K80: =SUMIF(Контракт!V$8:V$97,$I80,Контракт!Y$8:Y$136) -> 450 | L80: =SUM(J80:K80) -> 846 | O80: 75 | P80: Турсунбаева А. | Q80: =SUMIF($C$6:$C$121,$P80,D$6:D$121)+SUMIF($I$6:$I$106,$P80,J$6:J$117) -> 208 | R80: =SUMIF($C$6:$C$121,$P80,E$6:E$121)+SUMIF($I$6:$I$106,$P80,K$6:K$117) -> 162 | S80: =SUM(Q80:R80) -> 370 | T80: =S80/720 -> 0.51388889
C81: Почас | D81: =SUM(D7:D8,D11,D14,D18,D24,D27,D33,D36:D37,D41,D44,D64:D65,D67:D69,D72) -> 2022 | E81: =SUM(E7:E8,E11,E14,E18,E24,E27,E33,E36:E37,E41,E44,E64:E65,E67:E69,E72) -> 1701 | F81: =SUM(F7:F8,F11,F14,F18,F24,F27,F33,F36:F37,F41,F44,F64:F65,F67:F69,F72) -> 3723 | H81: 76 | I81: Ургайыпова Г. | J81: =SUMIF(Контракт!V$8:V$97,$I81,Контракт!X$8:X$136) -> 258 | K81: =SUMIF(Контракт!V$8:V$97,$I81,Контракт!Y$8:Y$136) -> 0 | L81: =SUM(J81:K81) -> 258 | O81: 76 | P81: Уметов И. | Q81: =SUMIF($C$6:$C$121,$P81,D$6:D$121)+SUMIF($I$6:$I$106,$P81,J$6:J$117) -> 534 | R81: =SUMIF($C$6:$C$121,$P81,E$6:E$121)+SUMIF($I$6:$I$106,$P81,K$6:K$117) -> 546 | S81: =SUM(Q81:R81) -> 1080 | T81: =S81/720 -> 1.5
C82: Вакансия | D82: =SUM(D23) -> 297 | E82: =SUM(E23) -> 252 | F82: =SUM(F23) -> 549 | H82: 77 | I82: Хадисова О.С. | J82: =SUMIF(Контракт!V$8:V$97,$I82,Контракт!X$8:X$136) -> 0 | K82: =SUMIF(Контракт!V$8:V$97,$I82,Контракт!Y$8:Y$136) -> 324 | L82: =SUM(J82:K82) -> 324 | O82: 77 | P82: Ургайыпова Г. | Q82: =SUMIF($C$6:$C$121,$P82,D$6:D$121)+SUMIF($I$6:$I$106,$P82,J$6:J$117) -> 342 | R82: =SUMIF($C$6:$C$121,$P82,E$6:E$121)+SUMIF($I$6:$I$106,$P82,K$6:K$117) -> 0 | S82: =SUM(Q82:R82) -> 342 | T82: =S82/720 -> 0.475
C83: Общее | D83: =SUM(D80:D82) -> 8825 | E83: =SUM(E80:E82) -> 7549 | F83: =SUM(F80:F82) -> 16374 | H83: 78 | I83: Хапизова А. | J83: =SUMIF(Контракт!V$8:V$97,$I83,Контракт!X$8:X$136) -> 261 | K83: =SUMIF(Контракт!V$8:V$97,$I83,Контракт!Y$8:Y$136) -> 249 | L83: =SUM(J83:K83) -> 510 | O83: 78 | P83: Хадисова О.С. | Q83: =SUMIF($C$6:$C$121,$P83,D$6:D$121)+SUMIF($I$6:$I$106,$P83,J$6:J$117) -> 0 | R83: =SUMIF($C$6:$C$121,$P83,E$6:E$121)+SUMIF($I$6:$I$106,$P83,K$6:K$117) -> 540 | S83: =SUM(Q83:R83) -> 540 | T83: =S83/720 -> 0.75
H84: 79 | I84: Чекелов К.К. | J84: =SUMIF(Контракт!V$8:V$97,$I84,Контракт!X$8:X$136) -> 102 | K84: =SUMIF(Контракт!V$8:V$97,$I84,Контракт!Y$8:Y$136) -> 258 | L84: =SUM(J84:K84) -> 360 | O84: 79 | P84: Хапизова А. | Q84: =SUMIF($C$6:$C$121,$P84,D$6:D$121)+SUMIF($I$6:$I$106,$P84,J$6:J$117) -> 423 | R84: =SUMIF($C$6:$C$121,$P84,E$6:E$121)+SUMIF($I$6:$I$106,$P84,K$6:K$117) -> 309 | S84: =SUM(Q84:R84) -> 732 | T84: =S84/720 -> 1.0166667
H85: 80 | I85: Чынгышбаев Э.М. | J85: =SUMIF(Контракт!V$8:V$97,$I85,Контракт!X$8:X$136) -> 638 | K85: =SUMIF(Контракт!V$8:V$97,$I85,Контракт!Y$8:Y$136) -> 442 | L85: =SUM(J85:K85) -> 1080 | O85: 80 | P85: Чекелов К.К. | Q85: =SUMIF($C$6:$C$121,$P85,D$6:D$121)+SUMIF($I$6:$I$106,$P85,J$6:J$117) -> 102 | R85: =SUMIF($C$6:$C$121,$P85,E$6:E$121)+SUMIF($I$6:$I$106,$P85,K$6:K$117) -> 258 | S85: =SUM(Q85:R85) -> 360 | T85: =S85/720 -> 0.5
H86: 81 | I86: Шайымбетова М. | J86: =SUMIF(Контракт!V$8:V$97,$I86,Контракт!X$8:X$136) -> 478 | K86: =SUMIF(Контракт!V$8:V$97,$I86,Контракт!Y$8:Y$136) -> 602 | L86: =SUM(J86:K86) -> 1080 | O86: 81 | P86: Чынгышбаев Э.М. | Q86: =SUMIF($C$6:$C$121,$P86,D$6:D$121)+SUMIF($I$6:$I$106,$P86,J$6:J$117) -> 638 | R86: =SUMIF($C$6:$C$121,$P86,E$6:E$121)+SUMIF($I$6:$I$106,$P86,K$6:K$117) -> 442 | S86: =SUM(Q86:R86) -> 1080 | T86: =S86/720 -> 1.5
H87: 82 | I87: Шертаева Н. | J87: =SUMIF(Контракт!V$8:V$97,$I87,Контракт!X$8:X$136) -> 0 | K87: =SUMIF(Контракт!V$8:V$97,$I87,Контракт!Y$8:Y$136) -> 72 | L87: =SUM(J87:K87) -> 72 | O87: 82 | P87: Шайымбетова М. | Q87: =SUMIF($C$6:$C$121,$P87,D$6:D$121)+SUMIF($I$6:$I$106,$P87,J$6:J$117) -> 478 | R87: =SUMIF($C$6:$C$121,$P87,E$6:E$121)+SUMIF($I$6:$I$106,$P87,K$6:K$117) -> 602 | S87: =SUM(Q87:R87) -> 1080 | T87: =S87/720 -> 1.5
H88: 83 | I88: Эрмеева А. | J88: =SUMIF(Контракт!V$8:V$97,$I88,Контракт!X$8:X$136) -> 153 | K88: =SUMIF(Контракт!V$8:V$97,$I88,Контракт!Y$8:Y$136) -> 66 | L88: =SUM(J88:K88) -> 219 | O88: 83 | P88: Шертаева Н. | Q88: =SUMIF($C$6:$C$121,$P88,D$6:D$121)+SUMIF($I$6:$I$106,$P88,J$6:J$117) -> 54 | R88: =SUMIF($C$6:$C$121,$P88,E$6:E$121)+SUMIF($I$6:$I$106,$P88,K$6:K$117) -> 72 | S88: =SUM(Q88:R88) -> 126 | T88: =S88/720 -> 0.175
H89: 84 | I89: Эсенгелдиева М. | J89: =SUMIF(Контракт!V$8:V$97,$I89,Контракт!X$8:X$136) -> 318 | K89: =SUMIF(Контракт!V$8:V$97,$I89,Контракт!Y$8:Y$136) -> 284 | L89: =SUM(J89:K89) -> 602 | O89: 84 | P89: Эрмеева А. | Q89: =SUMIF($C$6:$C$121,$P89,D$6:D$121)+SUMIF($I$6:$I$106,$P89,J$6:J$117) -> 195 | R89: =SUMIF($C$6:$C$121,$P89,E$6:E$121)+SUMIF($I$6:$I$106,$P89,K$6:K$117) -> 118 | S89: =SUM(Q89:R89) -> 313 | T89: =S89/720 -> 0.43472222
H90: 85 | I90: Эшпаев Т. | J90: =SUMIF(Контракт!V$8:V$97,$I90,Контракт!X$8:X$136) -> 126 | K90: =SUMIF(Контракт!V$8:V$97,$I90,Контракт!Y$8:Y$136) -> 144 | L90: =SUM(J90:K90) -> 270 | O90: 85 | P90: Эсаналиева Ч. | Q90: =SUMIF($C$6:$C$121,$P90,D$6:D$121)+SUMIF($I$6:$I$106,$P90,J$6:J$117) -> 54 | R90: =SUMIF($C$6:$C$121,$P90,E$6:E$121)+SUMIF($I$6:$I$106,$P90,K$6:K$117) -> 54 | S90: =SUM(Q90:R90) -> 108 | T90: =S90/720 -> 0.15
H91: 86 | I91: Янхаева З. | J91: =SUMIF(Контракт!V$8:V$97,$I91,Контракт!X$8:X$136) -> 309 | K91: =SUMIF(Контракт!V$8:V$97,$I91,Контракт!Y$8:Y$136) -> 0 | L91: =SUM(J91:K91) -> 309 | O91: 86 | P91: Эсенгелдиева М. | Q91: =SUMIF($C$6:$C$121,$P91,D$6:D$121)+SUMIF($I$6:$I$106,$P91,J$6:J$117) -> 484 | R91: =SUMIF($C$6:$C$121,$P91,E$6:E$121)+SUMIF($I$6:$I$106,$P91,K$6:K$117) -> 436 | S91: =SUM(Q91:R91) -> 920 | T91: =S91/720 -> 1.2777778
H92: 87 | I92: Янхаева Я. | J92: =SUMIF(Контракт!V$8:V$97,$I92,Контракт!X$8:X$136) -> 96 | K92: =SUMIF(Контракт!V$8:V$97,$I92,Контракт!Y$8:Y$136) -> 0 | L92: =SUM(J92:K92) -> 96 | O92: 87 | P92: Эшпаев Т. | Q92: =SUMIF($C$6:$C$121,$P92,D$6:D$121)+SUMIF($I$6:$I$106,$P92,J$6:J$117) -> 126 | R92: =SUMIF($C$6:$C$121,$P92,E$6:E$121)+SUMIF($I$6:$I$106,$P92,K$6:K$117) -> 144 | S92: =SUM(Q92:R92) -> 270 | T92: =S92/720 -> 0.375
O93: 88 | P93: Янхаева З. | Q93: =SUMIF($C$6:$C$121,$P93,D$6:D$121)+SUMIF($I$6:$I$106,$P93,J$6:J$117) -> 660 | R93: =SUMIF($C$6:$C$121,$P93,E$6:E$121)+SUMIF($I$6:$I$106,$P93,K$6:K$117) -> 0 | S93: =SUM(Q93:R93) -> 660 | T93: =S93/720 -> 0.91666667
O94: 89 | P94: Янхаева Я. | Q94: =SUMIF($C$6:$C$121,$P94,D$6:D$121)+SUMIF($I$6:$I$106,$P94,J$6:J$117) -> 172 | R94: =SUMIF($C$6:$C$121,$P94,E$6:E$121)+SUMIF($I$6:$I$106,$P94,K$6:K$117) -> 12 | S94: =SUM(Q94:R94) -> 184 | T94: =S94/720 -> 0.25555556
J96: =SUM(J6:J92) -> 20252 | K96: =SUM(K6:K92) -> 17595 | L96: =SUM(L6:L92) -> 37847
Q97: =SUM(Q6:Q94) -> 29504 | R97: =SUM(R6:R94) -> 25156 | S97: =SUM(S6:S94) -> 54660
Q98: =SUM(D78,J96) -> 29504 | R98: =SUM(E78,K96) -> 25156 | S98: =SUM(F78,L96) -> 54660
I99: Штат | J99: =SUM(J6,J9:J10,J12,J14:J15,J17:J19,J22,J24:J26,J30:J31,J34:J35,J37:J40,J43:J44,J46,J48:J49,J51:J53,J55:J56,J58:J61,J63:J66,J68:J74,J76:J79,J82:J85,J88,J90) -> 14209 | K99: =SUM(K6,K9:K10,K12,K14:K15,K17:K19,K22,K24:K26,K30:K31,K34:K35,K37:K40,K43:K44,K46,K48:K49,K51:K53,K55:K56,K58:K61,K63:K66,K68:K74,K76:K79,K82:K85,K88,K90) -> 13003 | L99: =SUM(L6,L9:L10,L12,L14:L15,L17:L19,L22,L24:L26,L30:L31,L34:L35,L37:L40,L43:L44,L46,L48:L49,L51:L53,L55:L56,L58:L61,L63:L66,L68:L74,L76:L79,L82:L85,L88,L90) -> 27212
I100: Почас | J100: =SUM(J7:J8,J11,J13,J16,J20:J21,J23,J29,J32:J33,J36,J41:J42,J45,J47,J50,J54,J57,J62,J67,J75,J80:J81,J86:J87,J89,J91) -> 5233 | K100: =SUM(K7:K8,K11,K13,K16,K20:K21,K23,K29,K32:K33,K36,K41:K42,K45,K47,K50,K54,K57,K62,K67,K75,K80:K81,K86:K87,K89,K91) -> 3695 | L100: =SUM(L7:L8,L11,L13,L16,L20:L21,L23,L29,L32:L33,L36,L41:L42,L45,L47,L50,L54,L57,L62,L67,L75,L80:L81,L86:L87,L89,L91) -> 8928 | P100: Штат | Q100: =SUM(Q6,Q9:Q10,Q12,Q14:Q15,Q17:Q19,Q22,Q24:Q26,Q30:Q31,Q34:Q35,Q37:Q40,Q43:Q44,Q46,Q48:Q49,Q51:Q53,Q55:Q56,Q58:Q61,Q63:Q66,Q68:Q74,Q76:Q79,Q82:Q85,Q89,Q91) -> 17804 | R100: =SUM(R6,R9:R10,R12,R14:R15,R17:R19,R22,R24:R26,R30:R31,R34:R35,R37:R40,R43:R44,R46,R48:R49,R51:R53,R55:R56,R58:R61,R63:R66,R68:R74,R76:R79,R82:R85,R89,R91) -> 16847 | S100: =SUM(S6,S9:S10,S12,S14:S15,S17:S19,S22,S24:S26,S30:S31,S34:S35,S37:S40,S43:S44,S46,S48:S49,S51:S53,S55:S56,S58:S61,S63:S66,S68:S74,S76:S79,S82:S85,S89,S91) -> 34651
I101: Вакансия | J101: =SUM(J27:J28) -> 714 | K101: =SUM(K27:K28) -> 897 | L101: =SUM(L27:L28) -> 1611 | P101: Почас | Q101: =SUM(Q7:Q8,Q11,Q13,Q16,Q20:Q21,Q23,Q29,Q32:Q33,Q36,Q41:Q42,Q45,Q47,Q50,Q54,Q57,Q62,Q67,Q75,Q80:Q81,Q86:Q88,Q90,Q92) -> 9857 | R101: =SUM(R7:R8,R11,R13,R16,R20:R21,R23,R29,R32:R33,R36,R41:R42,R45,R47,R50,R54,R57,R62,R67,R75,R80:R81,R86:R88,R90,R92) -> 7148 | S101: =SUM(S7:S8,S11,S13,S16,S20:S21,S23,S29,S32:S33,S36,S41:S42,S45,S47,S50,S54,S57,S62,S67,S75,S80:S81,S86:S88,S90,S92) -> 17005
I102: Общее | J102: =SUM(J99:J101) -> 20156 | K102: =SUM(K99:K101) -> 17595 | L102: =SUM(L99:L101) -> 37751 | P102: Вакансия | Q102: =SUM(Q27:Q28) -> 1011 | R102: =SUM(R27:R28) -> 1149 | S102: =SUM(S27:S28) -> 2160
P103: Общее | Q103: =SUM(Q100:Q102) -> 28672 | R103: =SUM(R100:R102) -> 25144 | S103: =SUM(S100:S102) -> 53816

Sheet Отделения-Циклы
B2: Фарм | E2: Сестринское дело | H2: Лаб диагностика | K2: Акушерское дело | N2: Лечебное дело | Q2: Ортопедическая стоматология
B3: Штат | E3: Штат | H3: Штат | K3: Штат | N3: Штат | Q3: Штат
B4: 1 | C4: Мамралиева Самара | E4: 1 | F4: Акиева Аида | H4: 1 | I4: Омурбек к. Махабат | K4: 1 | L4: Кубатова Айнура | N4: 1 | O4: Осмоналиева Мавлюда | Q4: 1 | R4: Мусаева Эльдана
B5: 2 | C5: Абдыкеримова А | E5: 2 | F5: Абдиева Жыпар | H5: 2 | I5: Асанов Арген | K5: 2 | L5: Алиева Х. | N5: 2 | O5: Исмаилова Зина | Q5: 2 | R5: Кубатбеков Кубанычбек
B6: 3 | C6: Бектурганова Назгул | E6: 3 | F6: Карыбаева М. | H6: 3 | I6: Герасимчук Аня | K6: 3 | L6: Аширахманова Гульмира | N6: 3 | O6: Дикамбаев М. | Q6: 3 | R6: Кулукеева Динара
B7: 4 | C7: Жыргалбек к Клара | E7: 4 | F7: Аманатова Айгул | H7: 4 | I7: Касеева Назира | K7: 4 | L7: Жийдебаева Нурзат | N7: 4 | O7: Султаналиева Ч. | Q7: 4 | R7: Кадыракун у Калыс
B8: 5 | C8: Калдыбаева Динара | E8: 5 | F8: Бейсембиева Айгерим | H8: 5 | I8: Молдалиева Бактыгул | K8: 5 | L8: Исалиева Гульжан | N8: 5 | O8: Жакыпбеков Канимет | Q8: 5 | R8: Дженбекова Алтынай
B9: 6 | C9: Шайымбетова М. | E9: 6 | F9: Гениевская Наталья | H9: 6 | I9: Быкиева Э. | K9: 6 | L9: Кучерова Вероника | N9: 6 | O9: Желденбаева Гульзат | Q9: 6 | R9: Акматов Үсөн
B10: 7 | C10: Осмоналиева Гульжан | E10: 7 | F10: Замирбекова К. | H10: 7 | I10: Эрик к. А. | K10: 7 | L10: Орускулова Т. Р. | N10: 7 | O10: Сарыбаева Чолпон | Q10: 7 | R10: Чынгышбаев Эмир
B11: 8 | C11: Турсунбаева Акжолтой | K11: 8 | L11: Суюмбаева А.И. | N11: 8 | O11: Кенжебаева Гулумкан | Q11: 8 | R11: Акимканова Адинай
B12: 9 | C12: Шайлообек к. Жанылмырза | L12: Токтогулова Мадина | N12: 9 | O12: Махмедов Исламбек
B13: 10 | C13: Курманбетова Айзат | N13: 10 | O13: Мушрапилова Д.
D16: Сестринское дело | H16: Лаб диагностика | K16: Акушерское дело | N16: Лечебное дело | Q16: Ортопедическая стоматология
D17: 1 | E17: Хадисова О.С. | H17: 1 | I17: Эсаналиева Ч. | K17: 1 | L17: Эрмеева А. | N17: 1 | O17: Аманкелдиева А. | Q17: 1 | R17: Эшпаев Т.
D18: 2 | E18: Гениевская Н. | K18: 2 | L18: Акматова Ж. | N18: 2 | O18: Джолдошева Д.Э.
D19: 3 | E19: Майрамбек к. А. | K19: 3 | L19: Шертаева Н. | N19: 3 | O19: Кадыракун у. К.
D20: 4 | E20: Янхаева Я. | K20: 4 | L20: Джумабекова Н. | N20: 4 | O20: Нурлан к. А.
D21: 5 | E21: Иманалиева А. | N21: 5 | O21: Сурабаев Э.
D22: 6 | E22: Жамангараева Ж.С.
D23: 7 | E23: Исабекова Н.
D24: 8 | E24: Керимахунова Д.

Sheet Категории
C2: Годовая нагрузка преподавателей | P2: Годовая нагрузка преподавателей | AC2: Преподаватели
C3: на 2024-2025 учебный год | P3: на 2024-2025 учебный год | AC3: на 2024-2025 учебный год
C5: Бюджетное отделение | P5: Контрактное отделение | AC5: Штат | AF5: Внештат
AC6: № | AD6: Ф.И.О. | AF6: № | AG6: Ф.И.О.
C7: Штат | I7: Внештат | P7: Штат | V7: Внештат | AC7: 1 | AD7: Абдиева Ж. | AF7: 1 | AG7: Абдыкеримова К.
C8: № | D8: Ф.И.О. | E8: I сем | F8: II сем | G8: Всего | I8: № | J8: Ф.И.О. | K8: I сем | L8: II сем | M8: Всего | P8: № | Q8: Ф.И.О. | R8: I сем | S8: II сем | T8: Всего | V8: № | W8: Ф.И.О. | X8: I сем | Y8: II сем | Z8: Всего | AC8: 2 | AD8: Абдыкеримова А.Н. | AF8: 2 | AG8: Айбашева А.С.
C9: 1 | D9: Абдиева Ж. | E9: =SUMIF('За год'!$C$6:$C$86,$D9,'За год'!D$6:D$86) -> 160 | F9: =SUMIF('За год'!$C$6:$C$86,$D9,'За год'!E$6:E$86) -> 118 | G9: =SUMIF('За год'!$C$6:$C$86,$D9,'За год'!F$6:F$86) -> 278 | I9: 1 | J9: Абдыкеримова К. | K9: =SUMIF('За год'!$C$6:$C$106,$J9,'За год'!D$6:D$106) -> 243 | L9: =SUMIF('За год'!$C$6:$C$106,$J9,'За год'!E$6:E$106) -> 0 | M9: =SUMIF('За год'!$C$6:$C$106,$J9,'За год'!F$6:F$106) -> 243 | P9: 1 | Q9: Абдиева Ж. | R9: =SUMIF('За год'!$I$6:$I$107,$Q9,'За год'!J$6:J$123) -> 40 | S9: =SUMIF('За год'!$I$6:$I$107,$Q9,'За год'!K$6:K$123) -> 42 | T9: =SUMIF('За год'!$I$6:$I$107,$Q9,'За год'!L$6:L$123) -> 82 | V9: 1 | W9: Абдыкеримова К. | X9: =SUMIF('За год'!$I$6:$I$107,$W9,'За год'!J$6:J$123) -> 303 | Y9: =SUMIF('За год'!$I$6:$I$107,$W9,'За год'!K$6:K$123) -> 0 | Z9: =SUMIF('За год'!$I$6:$I$107,$W9,'За год'!L$6:L$123) -> 303 | AC9: 3 | AD9: Абдышева Н. | AF9: 3 | AG9: Акматова Ж.
C10: 2 | D10: Абдыкеримова А.Н. | E10: =SUMIF('За год'!$C$6:$C$86,$D10,'За год'!D$6:D$86) -> 354 | F10: =SUMIF('За год'!$C$6:$C$86,$D10,'За год'!E$6:E$86) -> 296 | G10: =SUMIF('За год'!$C$6:$C$86,$D10,'За год'!F$6:F$86) -> 650 | I10: 2 | J10: Акматова Ж. | K10: =SUMIF('За год'!$C$6:$C$106,$J10,'За год'!D$6:D$106) -> 0 | L10: =SUMIF('За год'!$C$6:$C$106,$J10,'За год'!E$6:E$106) -> 42 | M10: =SUMIF('За год'!$C$6:$C$106,$J10,'За год'!F$6:F$106) -> 42 | P10: 2 | Q10: Абдыкеримова А.Н. | R10: =SUMIF('За год'!$I$6:$I$107,$Q10,'За год'!J$6:J$123) -> 30 | S10: =SUMIF('За год'!$I$6:$I$107,$Q10,'За год'!K$6:K$123) -> 400 | T10: =SUMIF('За год'!$I$6:$I$107,$Q10,'За год'!L$6:L$123) -> 430 | V10: 2 | W10: Айбашева А.С. | X10: =SUMIF('За год'!$I$6:$I$107,$W10,'За год'!J$6:J$123) -> 0 | Y10: =SUMIF('За год'!$I$6:$I$107,$W10,'За год'!K$6:K$123) -> 0 | Z10: =SUMIF('За год'!$I$6:$I$107,$W10,'За год'!L$6:L$123) -> 0 | AC10: 4 | AD10: Акиева А.Ш. | AF10: 4 | AG10: Акылбеков А.
C11: 3 | D11: Абдышева Н. | E11: =SUMIF('За год'!$C$6:$C$86,$D11,'За год'!D$6:D$86) -> 0 | F11: =SUMIF('За год'!$C$6:$C$86,$D11,'За год'!E$6:E$86) -> 0 | G11: =SUMIF('За год'!$C$6:$C$86,$D11,'За год'!F$6:F$86) -> 0 | I11: 3 | J11: Аманкелдиева А. | K11: =SUMIF('За год'!$C$6:$C$106,$J11,'За год'!D$6:D$106) -> 81 | L11: =SUMIF('За год'!$C$6:$C$106,$J11,'За год'!E$6:E$106) -> 81 | M11: =SUMIF('За год'!$C$6:$C$106,$J11,'За год'!F$6:F$106) -> 162 | P11: 3 | Q11: Абдышева Н. | R11: =SUMIF('За год'!$I$6:$I$107,$Q11,'За год'!J$6:J$123) -> 0 | S11: =SUMIF('За год'!$I$6:$I$107,$Q11,'За год'!K$6:K$123) -> 0 | T11: =SUMIF('За год'!$I$6:$I$107,$Q11,'За год'!L$6:L$123) -> 0 | V11: 3 | W11: Акматова Ж. | X11: =SUMIF('За год'!$I$6:$I$107,$W11,'За год'!J$6:J$123) -> 33 | Y11: =SUMIF('За год'!$I$6:$I$107,$W11,'За год'!K$6:K$123) -> 0 | Z11: =SUMIF('За год'!$I$6:$I$107,$W11,'За год'!L$6:L$123) -> 33 | AC11: 5 | AD11: Акимканова А. | AF11: 5 | AG11: Алиева Б.К.
C12: 4 | D12: Акиева А.Ш. | E12: =SUMIF('За год'!$C$6:$C$86,$D12,'За год'!D$6:D$86) -> 0 | F12: =SUMIF('За год'!$C$6:$C$86,$D12,'За год'!E$6:E$86) -> 0 | G12: =SUMIF('За год'!$C$6:$C$86,$D12,'За год'!F$6:F$86) -> 0 | I12: 4 | J12: Анарбаева А. | K12: =SUMIF('За год'!$C$6:$C$106,$J12,'За год'!D$6:D$106) -> 0 | L12: =SUMIF('За год'!$C$6:$C$106,$J12,'За год'!E$6:E$106) -> 0 | M12: =SUMIF('За год'!$C$6:$C$106,$J12,'За год'!F$6:F$106) -> 0 | P12: 4 | Q12: Акиева А.Ш. | R12: =SUMIF('За год'!$I$6:$I$107,$Q12,'За год'!J$6:J$123) -> 0 | S12: =SUMIF('За год'!$I$6:$I$107,$Q12,'За год'!K$6:K$123) -> 0 | T12: =SUMIF('За год'!$I$6:$I$107,$Q12,'За год'!L$6:L$123) -> 0 | V12: 4 | W12: Акылбеков А. | X12: =SUMIF('За год'!$I$6:$I$107,$W12,'За год'!J$6:J$123) -> 0 | Y12: =SUMIF('За год'!$I$6:$I$107,$W12,'За год'!K$6:K$123) -> 0 | Z12: =SUMIF('За год'!$I$6:$I$107,$W12,'За год'!L$6:L$123) -> 0 | AC12: 6 | AD12: Акматов У.О. | AF12: 6 | AG12: Аманкелдиева А.
C13: 5 | D13: Акимканова А. | E13: =SUMIF('За год'!$C$6:$C$86,$D13,'За год'!D$6:D$86) -> 96 | F13: =SUMIF('За год'!$C$6:$C$86,$D13,'За год'!E$6:E$86) -> 0 | G13: =SUMIF('За год'!$C$6:$C$86,$D13,'За год'!F$6:F$86) -> 96 | I13: 5 | J13: Асанбаева К. | K13: =SUMIF('За год'!$C$6:$C$106,$J13,'За год'!D$6:D$106) -> 0 | L13: =SUMIF('За год'!$C$6:$C$106,$J13,'За год'!E$6:E$106) -> 0 | M13: =SUMIF('За год'!$C$6:$C$106,$J13,'За год'!F$6:F$106) -> 0 | P13: 5 | Q13: Акимканова А. | R13: =SUMIF('За год'!$I$6:$I$107,$Q13,'За год'!J$6:J$123) -> 30 | S13: =SUMIF('За год'!$I$6:$I$107,$Q13,'За год'!K$6:K$123) -> 0 | T13: =SUMIF('За год'!$I$6:$I$107,$Q13,'За год'!L$6:L$123) -> 30 | V13: 5 | W13: Алиева Б.К. | X13: =SUMIF('За год'!$I$6:$I$107,$W13,'За год'!J$6:J$123) -> 0 | Y13: =SUMIF('За год'!$I$6:$I$107,$W13,'За год'!K$6:K$123) -> 0 | Z13: =SUMIF('За год'!$I$6:$I$107,$W13,'За год'!L$6:L$123) -> 0 | AC13: 7 | AD13: Алиева Х.О. | AF13: 7 | AG13: Анарбаева А.
C14: 6 | D14: Алиева Х.О. | E14: =SUMIF('За год'!$C$6:$C$86,$D14,'За год'!D$6:D$86) -> 90 | F14: =SUMIF('За год'!$C$6:$C$86,$D14,'За год'!E$6:E$86) -> 225 | G14: =SUMIF('За год'!$C$6:$C$86,$D14,'За год'!F$6:F$86) -> 315 | I14: 6 | J14: Асанова Г. | K14: =SUMIF('За год'!$C$6:$C$106,$J14,'За год'!D$6:D$106) -> 0 | L14: =SUMIF('За год'!$C$6:$C$106,$J14,'За год'!E$6:E$106) -> 0 | M14: =SUMIF('За год'!$C$6:$C$106,$J14,'За год'!F$6:F$106) -> 0 | P14: 6 | Q14: Акматов У.О. | R14: =SUMIF('За год'!$I$6:$I$107,$Q14,'За год'!J$6:J$123) -> 554 | S14: =SUMIF('За год'!$I$6:$I$107,$Q14,'За год'!K$6:K$123) -> 468 | T14: =SUMIF('За год'!$I$6:$I$107,$Q14,'За год'!L$6:L$123) -> 1022 | V14: 6 | W14: Аманкелдиева А. | X14: =SUMIF('За год'!$I$6:$I$107,$W14,'За год'!J$6:J$123) -> 93 | Y14: =SUMIF('За год'!$I$6:$I$107,$W14,'За год'!K$6:K$123) -> 93 | Z14: =SUMIF('За год'!$I$6:$I$107,$W14,'За год'!L$6:L$123) -> 186 | AC14: 8 | AD14: Аманатова А. | AF14: 8 | AG14: Асанбаева К.
C15: 7 | D15: Аманатова А. | E15: =SUMIF('За год'!$C$6:$C$86,$D15,'За год'!D$6:D$86) -> 156 | F15: =SUMIF('За год'!$C$6:$C$86,$D15,'За год'!E$6:E$86) -> 42 | G15: =SUMIF('За год'!$C$6:$C$86,$D15,'За год'!F$6:F$86) -> 198 | I15: 7 | J15: Джолдошева Д.Э. | K15: =SUMIF('За год'!$C$6:$C$106,$J15,'За год'!D$6:D$106) -> 117 | L15: =SUMIF('За год'!$C$6:$C$106,$J15,'За год'!E$6:E$106) -> 81 | M15: =SUMIF('За год'!$C$6:$C$106,$J15,'За год'!F$6:F$106) -> 198 | P15: 7 | Q15: Алиева Х.О. | R15: =SUMIF('За год'!$I$6:$I$107,$Q15,'За год'!J$6:J$123) -> 288 | S15: =SUMIF('За год'!$I$6:$I$107,$Q15,'За год'!K$6:K$123) -> 477 | T15: =SUMIF('За год'!$I$6:$I$107,$Q15,'За год'!L$6:L$123) -> 765 | V15: 7 | W15: Анарбаева А. | X15: =SUMIF('За год'!$I$6:$I$107,$W15,'За год'!J$6:J$123) -> 0 | Y15: =SUMIF('За год'!$I$6:$I$107,$W15,'За год'!K$6:K$123) -> 0 | Z15: =SUMIF('За год'!$I$6:$I$107,$W15,'За год'!L$6:L$123) -> 0 | AC15: 9 | AD15: Асанов А. | AF15: 9 | AG15: Асанова Г.
C16: 8 | D16: Асанов А. | E16: =SUMIF('За год'!$C$6:$C$86,$D16,'За год'!D$6:D$86) -> 0 | F16: =SUMIF('За год'!$C$6:$C$86,$D16,'За год'!E$6:E$86) -> 0 | G16: =SUMIF('За год'!$C$6:$C$86,$D16,'За год'!F$6:F$86) -> 0 | I16: 8 | J16: Джумабекова Н. | K16: =SUMIF('За год'!$C$6:$C$106,$J16,'За год'!D$6:D$106) -> 0 | L16: =SUMIF('За год'!$C$6:$C$106,$J16,'За год'!E$6:E$106) -> 0 | M16: =SUMIF('За год'!$C$6:$C$106,$J16,'За год'!F$6:F$106) -> 0 | P16: 8 | Q16: Аманатова А. | R16: =SUMIF('За год'!$I$6:$I$107,$Q16,'За год'!J$6:J$123) -> 408 | S16: =SUMIF('За год'!$I$6:$I$107,$Q16,'За год'!K$6:K$123) -> 374 | T16: =SUMIF('За год'!$I$6:$I$107,$Q16,'За год'!L$6:L$123) -> 782 | V16: 8 | W16: Асанбаева К. | X16: =SUMIF('За год'!$I$6:$I$107,$W16,'За год'!J$6:J$123) -> 0 | Y16: =SUMIF('За год'!$I$6:$I$107,$W16,'За год'!K$6:K$123) -> 0 | Z16: =SUMIF('За год'!$I$6:$I$107,$W16,'За год'!L$6:L$123) -> 0 | AC16: 10 | AD16: Аширахманова Г.Б. | AF16: 10 | AG16: Асылбекова А.
C17: 9 | D17: Аширахманова Г.Б. | E17: =SUMIF('За год'!$C$6:$C$86,$D17,'За год'!D$6:D$86) -> 66 | F17: =SUMIF('За год'!$C$6:$C$86,$D17,'За год'!E$6:E$86) -> 162 | G17: =SUMIF('За год'!$C$6:$C$86,$D17,'За год'!F$6:F$86) -> 228 | I17: 9 | J17: Жамангараева Ж.С. | K17: =SUMIF('За год'!$C$6:$C$106,$J17,'За год'!D$6:D$106) -> 0 | L17: =SUMIF('За год'!$C$6:$C$106,$J17,'За год'!E$6:E$106) -> 0 | M17: =SUMIF('За год'!$C$6:$C$106,$J17,'За год'!F$6:F$106) -> 0 | P17: 9 | Q17: Асанов А. | R17: =SUMIF('За год'!$I$6:$I$107,$Q17,'За год'!J$6:J$123) -> 0 | S17: =SUMIF('За год'!$I$6:$I$107,$Q17,'За год'!K$6:K$123) -> 0 | T17: =SUMIF('За год'!$I$6:$I$107,$Q17,'За год'!L$6:L$123) -> 0 | V17: 9 | W17: Асанова Г. | X17: =SUMIF('За год'!$I$6:$I$107,$W17,'За год'!J$6:J$123) -> 0 | Y17: =SUMIF('За год'!$I$6:$I$107,$W17,'За год'!K$6:K$123) -> 0 | Z17: =SUMIF('За год'!$I$6:$I$107,$W17,'За год'!L$6:L$123) -> 0 | AC17: 11 | AD17: Бейсенбиева А. | AF17: 11 | AG17: Бакыт у. Б.
C18: 10 | D18: Бейсенбиева А. | E18: =SUMIF('За год'!$C$6:$C$86,$D18,'За год'!D$6:D$86) -> 297 | F18: =SUMIF('За год'!$C$6:$C$86,$D18,'За год'!E$6:E$86) -> 252 | G18: =SUMIF('За год'!$C$6:$C$86,$D18,'За год'!F$6:F$86) -> 549 | I18: 10 | J18: Иманкулова Б. | K18: =SUMIF('За год'!$C$6:$C$106,$J18,'За год'!D$6:D$106) -> 0 | L18: =SUMIF('За год'!$C$6:$C$106,$J18,'За год'!E$6:E$106) -> 0 | M18: =SUMIF('За год'!$C$6:$C$106,$J18,'За год'!F$6:F$106) -> 0 | P18: 10 | Q18: Аширахманова Г.Б. | R18: =SUMIF('За год'!$I$6:$I$107,$Q18,'За год'!J$6:J$123) -> 54 | S18: =SUMIF('За год'!$I$6:$I$107,$Q18,'За год'!K$6:K$123) -> 78 | T18: =SUMIF('За год'!$I$6:$I$107,$Q18,'За год'!L$6:L$123) -> 132 | V18: 10 | W18: Асылбекова А. | X18: =SUMIF('За год'!$I$6:$I$107,$W18,'За год'!J$6:J$123) -> 153 | Y18: =SUMIF('За год'!$I$6:$I$107,$W18,'За год'!K$6:K$123) -> 0 | Z18: =SUMIF('За год'!$I$6:$I$107,$W18,'За год'!L$6:L$123) -> 153 | AC18: 12 | AD18: Бектурганова Н.Н. | AF18: 12 | AG18: Джаныбекова А.
C19: 11 | D19: Быкиева Э. | E19: =SUMIF('За год'!$C$6:$C$86,$D19,'За год'!D$6:D$86) -> 0 | F19: =SUMIF('За год'!$C$6:$C$86,$D19,'За год'!E$6:E$86) -> 0 | G19: =SUMIF('За год'!$C$6:$C$86,$D19,'За год'!F$6:F$86) -> 0 | I19: 11 | J19: Исабекова Н. | K19: =SUMIF('За год'!$C$6:$C$106,$J19,'За год'!D$6:D$106) -> 0 | L19: =SUMIF('За год'!$C$6:$C$106,$J19,'За год'!E$6:E$106) -> 0 | M19: =SUMIF('За год'!$C$6:$C$106,$J19,'За год'!F$6:F$106) -> 0 | P19: 11 | Q19: Бейсенбиева А. | R19: =SUMIF('За год'!$I$6:$I$107,$Q19,'За год'!J$6:J$123) -> 204 | S19: =SUMIF('За год'!$I$6:$I$107,$Q19,'За год'!K$6:K$123) -> 327 | T19: =SUMIF('За год'!$I$6:$I$107,$Q19,'За год'!L$6:L$123) -> 531 | V19: 11 | W19: Бакыт у. Б. | X19: =SUMIF('За год'!$I$6:$I$107,$W19,'За год'!J$6:J$123) -> 0 | Y19: =SUMIF('За год'!$I$6:$I$107,$W19,'За год'!K$6:K$123) -> 0 | Z19: =SUMIF('За год'!$I$6:$I$107,$W19,'За год'!L$6:L$123) -> 0 | AC19: 13 | AD19: Быкиева Э. | AF19: 13 | AG19: Джолдошева Д.Э.
C20: 12 | D20: Гениевская Н. | E20: =SUMIF('За год'!$C$6:$C$86,$D20,'За год'!D$6:D$86) -> 240 | F20: =SUMIF('За год'!$C$6:$C$86,$D20,'За год'!E$6:E$86) -> 207 | G20: =SUMIF('За год'!$C$6:$C$86,$D20,'За год'!F$6:F$86) -> 447 | I20: 12 | J20: Кудайбергенова Э. | K20: =SUMIF('За год'!$C$6:$C$106,$J20,'За год'!D$6:D$106) -> 153 | L20: =SUMIF('За год'!$C$6:$C$106,$J20,'За год'!E$6:E$106) -> 0 | M20: =SUMIF('За год'!$C$6:$C$106,$J20,'За год'!F$6:F$106) -> 153 | P20: 12 | Q20: Бектурганова Н.Н. | R20: =SUMIF('За год'!$I$6:$I$107,$Q20,'За год'!J$6:J$123) -> 510 | S20: =SUMIF('За год'!$I$6:$I$107,$Q20,'За год'!K$6:K$123) -> 570 | T20: =SUMIF('За год'!$I$6:$I$107,$Q20,'За год'!L$6:L$123) -> 1080 | V20: 12 | W20: Джаныбекова А. | X20: =SUMIF('За год'!$I$6:$I$107,$W20,'За год'!J$6:J$123) -> 0 | Y20: =SUMIF('За год'!$I$6:$I$107,$W20,'За год'!K$6:K$123) -> 0 | Z20: =SUMIF('За год'!$I$6:$I$107,$W20,'За год'!L$6:L$123) -> 0 | AC20: 14 | AD20: Гениевская Н. | AF20: 14 | AG20: Джумабекова Н.
... C41: 33 | D41: Омурбек к. М. | E41: =SUMIF('За год'!$C$6:$C$86,$D41,'За год'!D$6:D$86) -> 0 | F41: =SUMIF('За год'!$C$6:$C$86,$D41,'За год'!E$6:E$86) -> 0 | G41: =SUMIF('За год'!$C$6:$C$86,$D41,'За год'!F$6:F$86) -> 0 | I41: 33 | J41: Эшмахунова Ч. | K41: =SUMIF('За год'!$C$6:$C$106,$J41,'За год'!D$6:D$106) -> 0 | L41: =SUMIF('За год'!$C$6:$C$106,$J41,'За год'!E$6:E$106) -> 0 | M41: =SUMIF('За год'!$C$6:$C$106,$J41,'За год'!F$6:F$106) -> 0 | P41: 33 | Q41: Курманбекова А. | R41: =SUMIF('За год'!$I$6:$I$107,$Q41,'За год'!J$6:J$123) -> 0 | S41: =SUMIF('За год'!$I$6:$I$107,$Q41,'За год'!K$6:K$123) -> 0 | T41: =SUMIF('За год'!$I$6:$I$107,$Q41,'За год'!L$6:L$123) -> 0 | V41: 33 | W41: Оторбаева Г. | X41: =SUMIF('За год'!$I$6:$I$107,$W41,'За год'!J$6:J$123) -> 529 | Y41: =SUMIF('За год'!$I$6:$I$107,$W41,'За год'!K$6:K$123) -> 425 | Z41: =SUMIF('За год'!$I$6:$I$107,$W41,'За год'!L$6:L$123) -> 954 | AC41: 35 | AD41: Мамралиева С.А. | AF41: 35 | AG41: Сагынбаева Э.
C42: 34 | D42: Орускулова Т.Р. | E42: =SUMIF('За год'!$C$6:$C$86,$D42,'За год'!D$6:D$86) -> 250 | F42: =SUMIF('За год'!$C$6:$C$86,$D42,'За год'!E$6:E$86) -> 216 | G42: =SUMIF('За год'!$C$6:$C$86,$D42,'За год'!F$6:F$86) -> 466 | J42: Всего: | K42: =SUM(K9:K41) -> 1000 | L42: =SUM(L9:L41) -> 526 | M42: =SUM(M9:M41) -> 1526 | P42: 34 | Q42: Кучерова В. | R42: =SUMIF('За год'!$I$6:$I$107,$Q42,'За год'!J$6:J$123) -> 270 | S42: =SUMIF('За год'!$I$6:$I$107,$Q42,'За год'!K$6:K$123) -> 213 | T42: =SUMIF('За год'!$I$6:$I$107,$Q42,'За год'!L$6:L$123) -> 483 | V42: 34 | W42: Сакенова Б. | X42: =SUMIF('За год'!$I$6:$I$107,$W42,'За год'!J$6:J$123) -> 0 | Y42: =SUMIF('За год'!$I$6:$I$107,$W42,'За год'!K$6:K$123) -> 0 | Z42: =SUMIF('За год'!$I$6:$I$107,$W42,'За год'!L$6:L$123) -> 0 | AC42: 36 | AD42: Махмедов И.Т. | AF42: 36 | AG42: Сакенова Б.
C43: 35 | D43: Осмоналиева Г.Д. | E43: =SUMIF('За год'!$C$6:$C$86,$D43,'За год'!D$6:D$86) -> 114 | F43: =SUMIF('За год'!$C$6:$C$86,$D43,'За год'!E$6:E$86) -> 72 | G43: =SUMIF('За год'!$C$6:$C$86,$D43,'За год'!F$6:F$86) -> 186 | P43: 35 | Q43: Мамралиева С.А. | R43: =SUMIF('За год'!$I$6:$I$107,$Q43,'За год'!J$6:J$123) -> 360 | S43: =SUMIF('За год'!$I$6:$I$107,$Q43,'За год'!K$6:K$123) -> 228 | T43: =SUMIF('За год'!$I$6:$I$107,$Q43,'За год'!L$6:L$123) -> 588 | V43: 35 | W43: Салмахунова А. | X43: =SUMIF('За год'!$I$6:$I$107,$W43,'За год'!J$6:J$123) -> 0 | Y43: =SUMIF('За год'!$I$6:$I$107,$W43,'За год'!K$6:K$123) -> 0 | Z43: =SUMIF('За год'!$I$6:$I$107,$W43,'За год'!L$6:L$123) -> 0 | AC43: 37 | AD43: Молдалиева Б. | AF43: 37 | AG43: Салмахунова А.
C44: 36 | D44: Осмоналиева М. | E44: =SUMIF('За год'!$C$6:$C$86,$D44,'За год'!D$6:D$86) -> 252 | F44: =SUMIF('За год'!$C$6:$C$86,$D44,'За год'!E$6:E$86) -> 309 | G44: =SUMIF('За год'!$C$6:$C$86,$D44,'За год'!F$6:F$86) -> 561 | P44: 36 | Q44: Махмедов И.Т. | R44: =SUMIF('За год'!$I$6:$I$107,$Q44,'За год'!J$6:J$123) -> 124 | S44: =SUMIF('За год'!$I$6:$I$107,$Q44,'За год'!K$6:K$123) -> 118 | T44: =SUMIF('За год'!$I$6:$I$107,$Q44,'За год'!L$6:L$123) -> 242 | V44: 36 | W44: Сатыбаев Б. | X44: =SUMIF('За год'!$I$6:$I$107,$W44,'За год'!J$6:J$123) -> 0 | Y44: =SUMIF('За год'!$I$6:$I$107,$W44,'За год'!K$6:K$123) -> 0 | Z44: =SUMIF('За год'!$I$6:$I$107,$W44,'За год'!L$6:L$123) -> 0 | AC44: 38 | AD44: Мусаева Э. | AF44: 38 | AG44: Сатыбаев Б.
C45: 37 | D45: Стеценко Е. | E45: =SUMIF('За год'!$C$6:$C$86,$D45,'За год'!D$6:D$86) -> 148 | F45: =SUMIF('За год'!$C$6:$C$86,$D45,'За год'!E$6:E$86) -> 12 | G45: =SUMIF('За год'!$C$6:$C$86,$D45,'За год'!F$6:F$86) -> 160 | I45: Вакансия | K45: I сем | L45: II сем | M45: Всего | P45: 37 | Q45: Молдалиева Б. | R45: =SUMIF('За год'!$I$6:$I$107,$Q45,'За год'!J$6:J$123) -> 336 | S45: =SUMIF('За год'!$I$6:$I$107,$Q45,'За год'!K$6:K$123) -> 440 | T45: =SUMIF('За год'!$I$6:$I$107,$Q45,'За год'!L$6:L$123) -> 776 | V45: 37 | W45: Сексенова Н. | X45: =SUMIF('За год'!$I$6:$I$107,$W45,'За год'!J$6:J$123) -> 0 | Y45: =SUMIF('За год'!$I$6:$I$107,$W45,'За год'!K$6:K$123) -> 0 | Z45: =SUMIF('За год'!$I$6:$I$107,$W45,'За год'!L$6:L$123) -> 0 | AC45: 39 | AD45: Мушрапилова Д. | AF45: 39 | AG45: Сексенова Н.
C46: 38 | D46: Султаналиева Ч. | E46: =SUMIF('За год'!$C$6:$C$86,$D46,'За год'!D$6:D$86) -> 345 | F46: =SUMIF('За год'!$C$6:$C$86,$D46,'За год'!E$6:E$86) -> 126 | G46: =SUMIF('За год'!$C$6:$C$86,$D46,'За год'!F$6:F$86) -> 471 | I46: 1 | J46: Вакансия (ГсТСГИ) | K46: =SUMIF('За год'!$C$6:$C$86,$J46,'За год'!D$6:D$86) -> 0 | L46: =SUMIF('За год'!$C$6:$C$86,$J46,'За год'!E$6:E$86) -> 0 | M46: =SUMIF('За год'!$C$6:$C$86,$J46,'За год'!F$6:F$86) -> 0 | P46: 38 | Q46: Мусаева Э. | R46: =SUMIF('За год'!$I$6:$I$107,$Q46,'За год'!J$6:J$123) -> 498 | S46: =SUMIF('За год'!$I$6:$I$107,$Q46,'За год'!K$6:K$123) -> 312 | T46: =SUMIF('За год'!$I$6:$I$107,$Q46,'За год'!L$6:L$123) -> 810 | V46: 38 | W46: Солпуева Д.А. | X46: =SUMIF('За год'!$I$6:$I$107,$W46,'За год'!J$6:J$123) -> 0 | Y46: =SUMIF('За год'!$I$6:$I$107,$W46,'За год'!K$6:K$123) -> 0 | Z46: =SUMIF('За год'!$I$6:$I$107,$W46,'За год'!L$6:L$123) -> 0 | AC46: 40 | AD46: Омурбек к. М. | AF46: 40 | AG46: Солпуева Д.А.
C47: 39 | D47: Суюмбаева А.И. | E47: =SUMIF('За год'!$C$6:$C$86,$D47,'За год'!D$6:D$86) -> 0 | F47: =SUMIF('За год'!$C$6:$C$86,$D47,'За год'!E$6:E$86) -> 0 | G47: =SUMIF('За год'!$C$6:$C$86,$D47,'За год'!F$6:F$86) -> 0 | I47: 2 | J47: Вакансия (НВМП) | K47: =SUMIF('За год'!$C$6:$C$86,$J47,'За год'!D$6:D$86) -> 0 | L47: =SUMIF('За год'!$C$6:$C$86,$J47,'За год'!E$6:E$86) -> 0 | M47: =SUMIF('За год'!$C$6:$C$86,$J47,'За год'!F$6:F$86) -> 0 | P47: 39 | Q47: Мушрапилова Д. | R47: =SUMIF('За год'!$I$6:$I$107,$Q47,'За год'!J$6:J$123) -> 0 | S47: =SUMIF('За год'!$I$6:$I$107,$Q47,'За год'!K$6:K$123) -> 0 | T47: =SUMIF('За год'!$I$6:$I$107,$Q47,'За год'!L$6:L$123) -> 0 | V47: 39 | W47: Сурабаев Э. | X47: =SUMIF('За год'!$I$6:$I$107,$W47,'За год'!J$6:J$123) -> 156 | Y47: =SUMIF('За год'!$I$6:$I$107,$W47,'За год'!K$6:K$123) -> 156 | Z47: =SUMIF('За год'!$I$6:$I$107,$W47,'За год'!L$6:L$123) -> 312 | AC47: 41 | AD47: Орускулова Т.Р. | AF47: 41 | AG47: Сурабаев Э.
C48: 40 | D48: Токтогулова М. | E48: =SUMIF('За год'!$C$6:$C$86,$D48,'За год'!D$6:D$86) -> 177 | F48: =SUMIF('За год'!$C$6:$C$86,$D48,'За год'!E$6:E$86) -> 288 | G48: =SUMIF('За год'!$C$6:$C$86,$D48,'За год'!F$6:F$86) -> 465 | J48: Всего: | K48: =SUM(K46:K47) -> 0 | L48: =SUM(L46:L47) -> 0 | M48: =SUM(M46:M47) -> 0 | P48: 40 | Q48: Омурбек к. М. | R48: =SUMIF('За год'!$I$6:$I$107,$Q48,'За год'!J$6:J$123) -> 0 | S48: =SUMIF('За год'!$I$6:$I$107,$Q48,'За год'!K$6:K$123) -> 0 | T48: =SUMIF('За год'!$I$6:$I$107,$Q48,'За год'!L$6:L$123) -> 0 | V48: 40 | W48: Талипова Ж. | X48: =SUMIF('За год'!$I$6:$I$107,$W48,'За год'!J$6:J$123) -> 0 | Y48: =SUMIF('За год'!$I$6:$I$107,$W48,'За год'!K$6:K$123) -> 0 | Z48: =SUMIF('За год'!$I$6:$I$107,$W48,'За год'!L$6:L$123) -> 0 | AC48: 42 | AD48: Осмоналиева Г.Д. | AF48: 42 | AG48: Табалдиева Ж.
C49: 41 | D49: Турсунбаева А. | E49: =SUMIF('За год'!$C$6:$C$86,$D49,'За год'!D$6:D$86) -> 0 | F49: =SUMIF('За год'!$C$6:$C$86,$D49,'За год'!E$6:E$86) -> 162 | G49: =SUMIF('За год'!$C$6:$C$86,$D49,'За год'!F$6:F$86) -> 162 | P49: 41 | Q49: Орускулова Т.Р. | R49: =SUMIF('За год'!$I$6:$I$107,$Q49,'За год'!J$6:J$123) -> 316 | S49: =SUMIF('За год'!$I$6:$I$107,$Q49,'За год'!K$6:K$123) -> 284 | T49: =SUMIF('За год'!$I$6:$I$107,$Q49,'За год'!L$6:L$123) -> 600 | V49: 41 | W49: Токторбаева Б.Д. | X49: =SUMIF('За год'!$I$6:$I$107,$W49,'За год'!J$6:J$123) -> 0 | Y49: =SUMIF('За год'!$I$6:$I$107,$W49,'За год'!K$6:K$123) -> 0 | Z49: =SUMIF('За год'!$I$6:$I$107,$W49,'За год'!L$6:L$123) -> 0 | AC49: 43 | AD49: Осмоналиева М. | AF49: 43 | AG49: Талипова Ж.
C50: 42 | D50: Эрик к. А. | E50: =SUMIF('За год'!$C$6:$C$86,$D50,'За год'!D$6:D$86) -> 0 | F50: =SUMIF('За год'!$C$6:$C$86,$D50,'За год'!E$6:E$86) -> 0 | G50: =SUMIF('За год'!$C$6:$C$86,$D50,'За год'!F$6:F$86) -> 0 | P50: 42 | Q50: Осмоналиева Г.Д. | R50: =SUMIF('За год'!$I$6:$I$107,$Q50,'За год'!J$6:J$123) -> 330 | S50: =SUMIF('За год'!$I$6:$I$107,$Q50,'За год'!K$6:K$123) -> 360 | T50: =SUMIF('За год'!$I$6:$I$107,$Q50,'За год'!L$6:L$123) -> 690 | V50: 42 | W50: Урманбетова А. | X50: =SUMIF('За год'!$I$6:$I$107,$W50,'За год'!J$6:J$123) -> 0 | Y50: =SUMIF('За год'!$I$6:$I$107,$W50,'За год'!K$6:K$123) -> 0 | Z50: =SUMIF('За год'!$I$6:$I$107,$W50,'За год'!L$6:L$123) -> 0 | AC50: 44 | AD50: Сарыбаева Ч.Ж. | AF50: 44 | AG50: Токторбаева Б.Д.
D51: Всего: | E51: =SUM(E9:E50) -> 6108 | F51: =SUM(F9:F50) -> 5403 | G51: =SUM(G9:G50) -> 11511 | P51: 43 | Q51: Осмоналиева М. | R51: =SUMIF('За год'!$I$6:$I$107,$Q51,'За год'!J$6:J$123) -> 228 | S51: =SUMIF('За год'!$I$6:$I$107,$Q51,'За год'!K$6:K$123) -> 291 | T51: =SUMIF('За год'!$I$6:$I$107,$Q51,'За год'!L$6:L$123) -> 519 | V51: 43 | W51: Хадисова О.С. | X51: =SUMIF('За год'!$I$6:$I$107,$W51,'За год'!J$6:J$123) -> 0 | Y51: =SUMIF('За год'!$I$6:$I$107,$W51,'За год'!K$6:K$123) -> 324 | Z51: =SUMIF('За год'!$I$6:$I$107,$W51,'За год'!L$6:L$123) -> 324 | AC51: 45 | AD51: Стеценко Е. | AF51: 45 | AG51: Урманбетова А.
P52: 44 | Q52: Сарыбаева Ч.Ж. | R52: =SUMIF('За год'!$I$6:$I$107,$Q52,'За год'!J$6:J$123) -> 0 | S52: =SUMIF('За год'!$I$6:$I$107,$Q52,'За год'!K$6:K$123) -> 0 | T52: =SUMIF('За год'!$I$6:$I$107,$Q52,'За год'!L$6:L$123) -> 0 | V52: 44 | W52: Хакимова Б.Т. | X52: =SUMIF('За год'!$I$6:$I$107,$W52,'За год'!J$6:J$123) -> 0 | Y52: =SUMIF('За год'!$I$6:$I$107,$W52,'За год'!K$6:K$123) -> 0 | Z52: =SUMIF('За год'!$I$6:$I$107,$W52,'За год'!L$6:L$123) -> 0 | AC52: 46 | AD52: Султаналиева Ч. | AF52: 46 | AG52: Хадисова О.С.
P53: 45 | Q53: Стеценко Е. | R53: =SUMIF('За год'!$I$6:$I$107,$Q53,'За год'!J$6:J$123) -> 122 | S53: =SUMIF('За год'!$I$6:$I$107,$Q53,'За год'!K$6:K$123) -> 78 | T53: =SUMIF('За год'!$I$6:$I$107,$Q53,'За год'!L$6:L$123) -> 200 | V53: 45 | W53: Шакеева Б. | X53: =SUMIF('За год'!$I$6:$I$107,$W53,'За год'!J$6:J$123) -> 0 | Y53: =SUMIF('За год'!$I$6:$I$107,$W53,'За год'!K$6:K$123) -> 0 | Z53: =SUMIF('За год'!$I$6:$I$107,$W53,'За год'!L$6:L$123) -> 0 | AC53: 47 | AD53: Суюмбаева А.И. | AF53: 47 | AG53: Хакимова Б.Т.
P54: 46 | Q54: Султаналиева Ч. | R54: =SUMIF('За год'!$I$6:$I$107,$Q54,'За год'!J$6:J$123) -> 318 | S54: =SUMIF('За год'!$I$6:$I$107,$Q54,'За год'!K$6:K$123) -> 288 | T54: =SUMIF('За год'!$I$6:$I$107,$Q54,'За год'!L$6:L$123) -> 606 | V54: 46 | W54: Шертаева Н. | X54: =SUMIF('За год'!$I$6:$I$107,$W54,'За год'!J$6:J$123) -> 0 | Y54: =SUMIF('За год'!$I$6:$I$107,$W54,'За год'!K$6:K$123) -> 72 | Z54: =SUMIF('За год'!$I$6:$I$107,$W54,'За год'!L$6:L$123) -> 72 | AC54: 48 | AD54: Токтогулова М. | AF54: 48 | AG54: Шакеева Б.
P55: 47 | Q55: Суюмбаева А.И. | R55: =SUMIF('За год'!$I$6:$I$107,$Q55,'За год'!J$6:J$123) -> 0 | S55: =SUMIF('За год'!$I$6:$I$107,$Q55,'За год'!K$6:K$123) -> 0 | T55: =SUMIF('За год'!$I$6:$I$107,$Q55,'За год'!L$6:L$123) -> 0 | V55: 47 | W55: Эрмеева А. | X55: =SUMIF('За год'!$I$6:$I$107,$W55,'За год'!J$6:J$123) -> 153 | Y55: =SUMIF('За год'!$I$6:$I$107,$W55,'За год'!K$6:K$123) -> 66 | Z55: =SUMIF('За год'!$I$6:$I$107,$W55,'За год'!L$6:L$123) -> 219 | AC55: 49 | AD55: Турсунбаева А. | AF55: 49 | AG55: Шертаева Н.
P56: 48 | Q56: Токтогулова М. | R56: =SUMIF('За год'!$I$6:$I$107,$Q56,'За год'!J$6:J$123) -> 258 | S56: =SUMIF('За год'!$I$6:$I$107,$Q56,'За год'!K$6:K$123) -> 357 | T56: =SUMIF('За год'!$I$6:$I$107,$Q56,'За год'!L$6:L$123) -> 615 | V56: 48 | W56: Эшмахунова Ч. | X56: =SUMIF('За год'!$I$6:$I$107,$W56,'За год'!J$6:J$123) -> 0 | Y56: =SUMIF('За год'!$I$6:$I$107,$W56,'За год'!K$6:K$123) -> 0 | Z56: =SUMIF('За год'!$I$6:$I$107,$W56,'За год'!L$6:L$123) -> 0 | AC56: 50 | AD56: Чынгышбаев Э.У. | AF56: 50 | AG56: Эрмеева А.
J57: Итого: | K57: =SUM(M42,M48,G51) -> 13037 | P57: 49 | Q57: Турсунбаева А. | R57: =SUMIF('За год'!$I$6:$I$107,$Q57,'За год'!J$6:J$123) -> 208 | S57: =SUMIF('За год'!$I$6:$I$107,$Q57,'За год'!K$6:K$123) -> 0 | T57: =SUMIF('За год'!$I$6:$I$107,$Q57,'За год'!L$6:L$123) -> 208 | V57: 49 | W57: Эшпаев Т. | X57: =SUMIF('За год'!$I$6:$I$107,$W57,'За год'!J$6:J$123) -> 126 | Y57: =SUMIF('За год'!$I$6:$I$107,$W57,'За год'!K$6:K$123) -> 144 | Z57: =SUMIF('За год'!$I$6:$I$107,$W57,'За год'!L$6:L$123) -> 270 | AC57: 51 | AD57: Шайлобек к. Ж. | AF57: 51 | AG57: Эсаналиева Ч.
P58: 50 | Q58: Чынгышбаев Э.У. | R58: =SUMIF('За год'!$I$6:$I$107,$Q58,'За год'!J$6:J$123) -> 0 | S58: =SUMIF('За год'!$I$6:$I$107,$Q58,'За год'!K$6:K$123) -> 0 | T58: =SUMIF('За год'!$I$6:$I$107,$Q58,'За год'!L$6:L$123) -> 0 | W58: Всего: | X58: =SUM(X9:X57) -> 3011 | Y58: =SUM(Y9:Y57) -> 2386 | Z58: =SUM(Z9:Z57) -> 5397 | AC58: 52 | AD58: Шайымбетова М. | AF58: 52 | AG58: Эшмахунова Ч.
P59: 51 | Q59: Шайлобек к. Ж. | R59: =SUMIF('За год'!$I$6:$I$107,$Q59,'За год'!J$6:J$123) -> 0 | S59: =SUMIF('За год'!$I$6:$I$107,$Q59,'За год'!K$6:K$123) -> 0 | T59: =SUMIF('За год'!$I$6:$I$107,$Q59,'За год'!L$6:L$123) -> 0 | AC59: 53 | AD59: Эрик к. А. | AF59: 53 | AG59: Эшпаев Т.
P60: 52 | Q60: Шайымбетова М. | R60: =SUMIF('За год'!$I$6:$I$107,$Q60,'За год'!J$6:J$123) -> 478 | S60: =SUMIF('За год'!$I$6:$I$107,$Q60,'За год'!K$6:K$123) -> 602 | T60: =SUMIF('За год'!$I$6:$I$107,$Q60,'За год'!L$6:L$123) -> 1080
P61: 53 | Q61: Эрик к. А. | R61: =SUMIF('За год'!$I$6:$I$107,$Q61,'За год'!J$6:J$123) -> 0 | S61: =SUMIF('За год'!$I$6:$I$107,$Q61,'За год'!K$6:K$123) -> 0 | T61: =SUMIF('За год'!$I$6:$I$107,$Q61,'За год'!L$6:L$123) -> 0 | V61: № | W61: Вакансия | X61: I сем | Y61: II сем | Z61: Всего
Q62: Всего: | R62: =SUM(R9:R61) -> 11997 | S62: =SUM(S9:S61) -> 10658 | T62: =SUM(T9:T61) -> 22655 | V62: 1 | W62: Вакансия (Детские ИБ) | X62: =SUMIF('За год'!$I$6:$I$107,$W62,'За год'!J$6:J$123) -> 0 | Y62: =SUMIF('За год'!$I$6:$I$107,$W62,'За год'!K$6:K$123) -> 0 | Z62: =SUMIF('За год'!$I$6:$I$107,$W62,'За год'!L$6:L$123) -> 0
V63: 2 | W63: Вакансия (Клин пат) | X63: =SUMIF('За год'!$I$6:$I$107,$W63,'За год'!J$6:J$123) -> 0 | Y63: =SUMIF('За год'!$I$6:$I$107,$W63,'За год'!K$6:K$123) -> 0 | Z63: =SUMIF('За год'!$I$6:$I$107,$W63,'За год'!L$6:L$123) -> 0
V64: 3 | W64: Вакансия (НБ) | X64: =SUMIF('За год'!$I$6:$I$107,$W64,'За год'!J$6:J$123) -> 0 | Y64: =SUMIF('За год'!$I$6:$I$107,$W64,'За год'!K$6:K$123) -> 0 | Z64: =SUMIF('За год'!$I$6:$I$107,$W64,'За год'!L$6:L$123) -> 0
V65: 4 | W65: Вакансия (НВМП) | X65: =SUMIF('За год'!$I$6:$I$107,$W65,'За год'!J$6:J$123) -> 0 | Y65: =SUMIF('За год'!$I$6:$I$107,$W65,'За год'!K$6:K$123) -> 0 | Z65: =SUMIF('За год'!$I$6:$I$107,$W65,'За год'!L$6:L$123) -> 0
V66: 5 | W66: Вакансия (Реаниматология) | X66: =SUMIF('За год'!$I$6:$I$107,$W66,'За год'!J$6:J$123) -> 0 | Y66: =SUMIF('За год'!$I$6:$I$107,$W66,'За год'!K$6:K$123) -> 0 | Z66: =SUMIF('За год'!$I$6:$I$107,$W66,'За год'!L$6:L$123) -> 0
Q67: Итого: | R67: =SUM(T62,Z58,Z70) -> 28052 | V67: 6 | W67: Вакансия (Терапия) | X67: =SUMIF('За год'!$I$6:$I$107,$W67,'За год'!J$6:J$123) -> 0 | Y67: =SUMIF('За год'!$I$6:$I$107,$W67,'За год'!K$6:K$123) -> 0 | Z67: =SUMIF('За год'!$I$6:$I$107,$W67,'За год'!L$6:L$123) -> 0
V68: 7 | W68: Вакансия (Фарм) | X68: =SUMIF('За год'!$I$6:$I$107,$W68,'За год'!J$6:J$123) -> 0 | Y68: =SUMIF('За год'!$I$6:$I$107,$W68,'За год'!K$6:K$123) -> 0 | Z68: =SUMIF('За год'!$I$6:$I$107,$W68,'За год'!L$6:L$123) -> 0
V69: 8 | W69: Вакансия (Хирургия) | X69: =SUMIF('За год'!$I$6:$I$107,$W69,'За год'!J$6:J$123) -> 0 | Y69: =SUMIF('За год'!$I$6:$I$107,$W69,'За год'!K$6:K$123) -> 0 | Z69: =SUMIF('За год'!$I$6:$I$107,$W69,'За год'!L$6:L$123) -> 0
W70: Всего: | X70: =SUM(X62:X69) -> 0 | Y70: =SUM(Y62:Y69) -> 0 | Z70: =SUM(Z62:Z69) -> 0

Sheet База почасовиков
B2: Назарова Махабат | C2: 709873973
B3: Токтобулатова Г. | C3: Нельзя
B4: Шаршеева Айчурек | C4: 708320653
B5: Абдылканова Дариха эжей | C5: 705030652 | D5: Онкология отд | E5: Свободна
B6: Асанбекова Элиза | C6: 706961819 | D6: Роддом реанимация
B7: Мадиев Кутман | C7: 507395321 | D7: КРСУ-2020
B8: Акылбеков Азим | C8: 704180596 | D8: КГМА-2021
B9: Кудайбергенова Эльмира | C9: 553339644
B10: Осмонбаева Айжан Ишеновна | C10: 700900079 | D10: КГМА-2012 | E10: ЛОР 3 курс и Терапия 2 курс
B11: Жумашева Сапаргуль Эстебесовна | C11: 701410102 | D11: ИГУ | E11: Георгафия
B12: Орозалиева Махабат Желденовна | C12: 555734735 | D12: НЕЛЬЗЯ - Зина эжей | E12: Ак-суу, отдел реанимации
B13: Шакенова Чолпон Туратбековна | C13: 504875050 | D13: Кирова ш
B15: На этот год
B16: Жумабаева Г. | C16: ОРЗиПС | D16: 2 группы практика | E16: Зина эже
B17: Даутова Назира | C17: 702031141 | D17: Фтизиатрия 2 группы | E17: Гульмира эжей
B18: Хакимова Б.Т. | C18: 509303909 | D18: Роддом 1 группа | E18: Акушер, тренер инструктор | G18: Практика по акушерству
B19: Койчуманова А. | C19: 557188113 | D19: 2023г | E19: Фарм, наша
B20: Кайдулатова Роза Калыковна | C20: 709835644 | D20: Историк
B21: Жамангараева Ж.С. | C21: 703924464 | D21: Облбольница детское отделение, ст. медсестра
B22: Мамбетова А.У. | C22: 550603403
B23: Белеков Жынгыз | C23: 755534488
B25: Айбашева А.С. | C25: 555444937 | D25: 2009 | E25: Сест дело | F25: КМК
B26: Сексенова Н. | C26: 703433515 | D26: Лекарь
B27: Шэкеева Бермет | C27: 998303319
B28: Осмонова Д. | C28: 502129112 | D28: Облбол, ЛОР, страшая медсестра
B30: Турсунбекова Акылжан | C30: КГМА-24г | D30: ЛД | E30: 706140700
B32: Янхаева Яна | C32: КМК 2025 | D32: КЛД | E32: 551431444

Sheet Долг
B2: 1 | C2: Абдиева Ж. | D2: 2091 | E2: 0
B3: 2 | C3: Абдыкеримова А.Н. | D3: 1000 | E3: 0
B4: 3 | C4: Абдышева Н. | D4: 500 | E4: 0,23 ставки
B5: 4 | C5: Акиева А.Ш. | D5: 4000 | E5: 800 | G5: Декрет
B6: 5 | C6: Акимканова А. | D6: 1100 | E6: 0
B7: 6 | C7: Акматов У.О. | D7: 1000 | E7: 0
B8: 7 | C8: Алиева Х.О. | D8: 1000 | E8: 0
B9: 8 | C9: Аманатова А. | D9: 1000 | E9: 0
B10: 9 | C10: Аширахманова Г.Б. | D10: 2100 | E10: 0
B11: 10 | C11: Бейсенбиева А. | D11: 3100 | E11: 0
B12: 11 | C12: Бектурганова Н.Н. | D12: 3800 | E12: 0
B13: 12 | C13: Быкиева Э. | D13: 0 | E13: Не трогаем
B14: 13 | C14: Гениевская Н. | D14: 1660 | E14: 0
B15: 14 | C15: Герасимчук А. | D15: 1600 | E15: 0
B16: 15 | C16: Дженбекова А. | D16: 1000 | E16: 0
B17: 16 | C17: Дикамбаев М. | D17: 1000 | E17: 0
B18: 17 | C18: Жакыпбеков К.Ш. | D18: 1000 | E18: 0
B19: 18 | C19: Желденбаева Г. | D19: 1000 | E19: 0
B20: 19 | C20: Жидебаева Н.Т. | D20: 2600 | E20: 0
B21: 20 | C21: Жыргалбек к. К. | D21: 3800 | E21: 0
B22: 21 | C22: Замирбекова К. | D22: 1000 | E22: 0
B23: 22 | C23: Исалиева Г.Б. | D23: 1500 | E23: 0
B24: 23 | C24: Исмаилова З.Д. | D24: 1000 | E24: 0
B25: 24 | C25: Кадыракун у. К. | D25: 500 | E25: 0
... B29: 28 | C29: Касеева Н. | D29: 4000 | E29: 0
B30: 29 | C30: Кенжебаева К.А. | D30: 1000 | E30: 2137 | G30: Не трогаем
B31: 30 | C31: Кубатбеков К.К. | D31: 1500 | E31: 0
B32: 31 | C32: Кубатова А. | D32: 1000 | E32: 0
B33: 32 | C33: Кулукеева Д. | D33: 1500 | E33: 0
B34: 33 | C34: Курманбекова А. | D34: 0 | E34: Декрет
B35: 34 | C35: Кучерова В. | D35: 1000 | E35: 0
B36: 35 | C36: Мамралиева С.А. | D36: 3500 | E36: 0
B37: 36 | C37: Махмедов И.Т. | D37: 1278 | E37: 2500 | G37: Окт зарплата
B38: 37 | C38: Молдалиева Б. | D38: 1000 | E38: 0
B39: 38 | C39: Мусаева Э. | D39: 3200 | E39: 0
B40: 39 | C40: Омурбек к. М. | D40: 0 | E40: Декрет
B41: 40 | C41: Орускулова Т.Р. | D41: 1000 | E41: 0
B42: 41 | C42: Осмоналиева Г.Д. | D42: 1000 | E42: 0
B43: 42 | C43: Осмоналиева М. | D43: 3800 | E43: 0
B44: 43 | C44: Сарыбаева Ч.Ж. | D44: 0 | E44: Не трогаем
B45: 44 | C45: Стеценко Е. | D45: 0 | E45: 0
B46: 45 | C46: Султаналиева Ч. | D46: 1000 | E46: 0
B47: 46 | C47: Суюмбаева А.И. | D47: 1000 | E47: 0
B48: 47 | C48: Токтогулова М. | D48: 1000 | E48: 0
B49: 48 | C49: Турсунбаева А. | D49: 1000 | E49: 0
B50: 49 | C50: Чынгышбаев Э.У. | D50: 1000 | E50: 0
B51: 50 | C51: Шайлобек к. Ж. | D51: 0 | E51: Декрет
B52: 51 | C52: Шайымбетова М. | D52: 1000 | E52: 0
B53: 52 | C53: Шалапутова А. | D53: 500 | E53: 0
B54: 53 | C54: Янхаева З. | D54: 1000 | E54: 0
B55: 54 | C55: Эрик к. А. | D55: 3980 | E55: 0
D57: =SUM(D2:D55) -> 77109 | E57: =SUM(E2:E55) -> 5437
D58: 30700 | E58: Забрал
D60: =D57-D58-D59 -> 46409

Sheet Посчет кол-ва часов
B2: Почасовики | H2: Штатники
B3: За 2025 год с января по июль | H3: За 2025 год с января по июль
B4: Месяцы | C4: Бюджет | D4: Контракт | H4: Месяцы | I4: Бюджет | J4: Контракт
B5: Янв-Июль | C5: 2152 | D5: 5803 | H5: Янв-Июль | I5: 7431 | J5: 14531
B6: ИГА | C6: 102 | D6: 307 | H6: ИГА | I6: 48 | J6: 114
B7: Мет часы | C7: 1254 | D7: 3092 | H7: Мет часы | I7: 121 | J7: 465
B8: Всего: | C8: =SUM(C5:C7) -> 3508 | D8: =SUM(D5:D7) -> 9202 | H8: Всего: | I8: =SUM(I5:I7) -> 7600 | J8: =SUM(J5:J7) -> 15110
B9: За 2025 год с сентября по октябрь | H9: За 2025 год с сентября по октябрь
B10: Месяцы | C10: Бюджет | D10: Контракт | H10: Месяцы | I10: Бюджет | J10: Контракт
B11: Июль-Окт | C11: 204 | D11: 338 | H11: Июль-Окт | I11: 2577 | J11: 3671
B12: Всего: | C12: =SUM(C11:C11) -> 204 | D12: =SUM(D11:D11) -> 338 | H12: Всего: | I12: =SUM(I11:I11) -> 2577 | J12: =SUM(J11:J11) -> 3671
B13: За 2025 год с октябрь по январь | H13: За 2025 год с октябрь по январь
B14: Месяцы | C14: Бюджет | D14: Контракт | H14: Месяцы | I14: Бюджет | J14: Контракт
B15: Окт-Янв | C15: 435 | D15: 1012 | H15: Окт-Янв | I15: 1341 | J15: 4432
B16: Всего: | C16: =SUM(C15:C15) -> 435 | D16: =SUM(D15:D15) -> 1012 | H16: Всего: | I16: =SUM(I15:I15) -> 1341 | J16: =SUM(J15:J15) -> 4432
B18: Почасовики | F18: Штатники
B19: За 2025 год | F19: За 2025 год
B20: Месяцы | C20: Бюджет | D20: Контракт | F20: Месяцы | G20: Бюджет | H20: Контракт
B21: Всего: | C21: =SUM(C8,C12,C16) -> 4147 | D21: =SUM(D8,D12,D16) -> 10552 | F21: Всего: | G21: =SUM(I8,I12,I16) -> 11518 | H21: =SUM(J8,J12,J16) -> 23213
